beds,baths,sqft,neighborhood,latitude,longitude,price,description
1,1.0,600.0,Riverside,40.794185151828046,-73.95827941243618,2372,"Cozy 1bd, no pets, hardwood floors"
4,4.0,1207.0,Midtown,40.783658093645826,-74.00505563308582,4461,"Bright 4bd with balcony, dishwasher, and gym access"
3,2.0,991.0,Midtown,40.74789021548918,-73.98834277070937,3644,"Family-friendly 3bd with backyard, washer/dryer, and storage"
2,2.0,799.0,Old Town,40.7255949412743,-73.93919308037995,3061,"Family-friendly 2bd with backyard, washer/dryer, and storage"
2,2.0,806.0,Midtown,40.74234921281288,-73.9686525273574,2776,"Bright 2bd with balcony, dishwasher, and gym access"
4,3.0,1179.0,Midtown,40.74092869681828,-73.98790255371547,4143,"Cozy 4bd, no pets, hardwood floors"
1,1.0,655.0,Riverside,40.81384996710113,-73.96686221828574,2573,"Bright 1bd with balcony, dishwasher, and gym access"
3,3.0,950.0,Uptown,40.77294726999717,-73.98738410787648,3334,"Cozy 3bd, no pets, hardwood floors"
1,2.0,588.0,Old Town,40.72784000964767,-73.9442843547902,2403,"Bright 1bd with balcony, dishwasher, and gym access"
1,1.0,674.0,Old Town,40.733062773100436,-73.95201741377268,2484,"Cozy 1bd, no pets, hardwood floors"
3,2.0,974.0,Riverside,40.81105642884265,-73.96511340572202,3561,Spacious 3bd with in-unit laundry and garage parking
4,3.0,1113.0,Riverside,40.803578036732226,-73.94920707866112,4010,"Family-friendly 4bd with backyard, washer/dryer, and storage"
3,4.0,1008.0,Uptown,40.779446454019535,-73.9799098003368,3398,"Family-friendly 3bd with backyard, washer/dryer, and storage"
4,3.0,1189.0,Midtown,40.75142683645984,-73.98781031883428,4441,"Cozy 4bd, no pets, hardwood floors"
3,3.0,929.0,Downtown,40.71170842126251,-74.01596837283923,3604,"Bright 3bd with balcony, dishwasher, and gym access"
4,,1179.0,Uptown,40.7604229769636,-73.97793114801054,4178,"Bright 4bd with balcony, dishwasher, and gym access"
3,3.0,1019.0,Riverside,40.80561790799544,-73.96486490032495,3520,Spacious 3bd with in-unit laundry and garage parking
1,1.0,645.0,Midtown,40.77239465363791,-73.96203416147243,2396,Modern 1bd near transit with central AC and secure entry
4,3.0,1195.0,Downtown,40.7219120052575,-73.9894097522911,4243,"Bright 4bd with balcony, dishwasher, and gym access"
2,2.0,754.0,Midtown,40.76720129150716,-73.96498120892888,2948,"Charming 2bd with fireplace, rooftop access, and pet-friendly policy"
3,3.0,1003.0,Uptown,40.8069102436115,-73.95978601795065,3650,"Bright 3bd with balcony, dishwasher, and gym access"
2,2.0,798.0,Riverside,40.80977656175709,-73.96896278606324,2816,"Family-friendly 2bd with backyard, washer/dryer, and storage"
1,2.0,611.0,Downtown,40.71230395262843,-74.0100540479762,2159,"Bright 1bd with balcony, dishwasher, and gym access"
4,3.0,1205.0,Uptown,40.79215501933074,-73.97984417644831,4174,"Cozy 4bd, no pets, hardwood floors"
4,4.0,1229.0,Old Town,40.728306725482646,-73.96346203862214,3911,"Bright 4bd with balcony, dishwasher, and gym access"
3,2.0,1062.0,Riverside,40.82197707873727,-73.96914569499103,3591,"Charming 3bd with fireplace, rooftop access, and pet-friendly policy"
2,3.0,863.0,Downtown,40.71826696524804,-73.98850655966346,2993,"Cozy 2bd, no pets, hardwood floors"
4,3.0,1166.0,Riverside,40.804903521249294,-73.94916787557487,4203,"Charming 4bd with fireplace, rooftop access, and pet-friendly policy"
3,2.0,1004.0,Uptown,40.769799146254186,-73.94243148092482,3838,Modern 3bd near transit with central AC and secure entry
2,1.0,841.0,Old Town,40.743645322381866,-73.93268957009016,2657,"Family-friendly 2bd with backyard, washer/dryer, and storage"
2,3.0,815.0,Downtown,40.72990095199151,-74.02002361863187,3346,"Family-friendly 2bd with backyard, washer/dryer, and storage"
1,2.0,635.0,Uptown,40.78123662145477,-73.95386899524317,2308,Modern 1bd near transit with central AC and secure entry
1,1.0,,Uptown,40.76229527782926,-73.96447450670048,2432,Modern 1bd near transit with central AC and secure entry
3,3.0,988.0,Midtown,40.76438611391814,-73.96186929019814,3341,Spacious 3bd with in-unit laundry and garage parking
4,3.0,1141.0,Midtown,40.739004534963335,-73.96618442731562,4260,"Family-friendly 4bd with backyard, washer/dryer, and storage"
1,2.0,613.0,Uptown,40.77798635108221,-73.97656411351893,2319,"Family-friendly 1bd with backyard, washer/dryer, and storage"
4,2.0,,Uptown,40.77003594735648,-73.9842542244496,4140,Spacious 4bd with in-unit laundry and garage parking
4,3.0,1170.0,Downtown,40.71764226816945,-74.01934798297738,3894,Modern 4bd near transit with central AC and secure entry
2,2.0,824.0,Midtown,40.766883412003835,-73.99345559256363,2993,Modern 2bd near transit with central AC and secure entry
3,2.0,,Downtown,40.69824359432982,-74.01233370975632,3755,"Cozy 3bd, no pets, hardwood floors"
1,2.0,615.0,Riverside,40.80534048630107,-73.96982823914317,2301,Spacious 1bd with in-unit laundry and garage parking
4,3.0,1200.0,Riverside,40.80171052141999,-73.95814551045797,4352,Spacious 4bd with in-unit laundry and garage parking
3,3.0,1005.0,Midtown,40.770989057419406,-73.98922114370308,3747,"Cozy 3bd, no pets, hardwood floors"
2,3.0,761.0,Downtown,40.70026933581309,-74.00508686625292,2836,"Cozy 2bd, no pets, hardwood floors"
1,1.0,688.0,Downtown,40.71844779503325,-74.02352870367166,2723,"Cozy 1bd, no pets, hardwood floors"
4,3.0,1150.0,Uptown,40.77401270043591,-73.97983024275155,4094,Modern 4bd near transit with central AC and secure entry
2,,744.0,Riverside,40.798806133735354,-73.97563240684352,2868,"Bright 2bd with balcony, dishwasher, and gym access"
4,3.0,1128.0,Uptown,40.793184488701165,-73.9904615984175,4073,Spacious 4bd with in-unit laundry and garage parking
3,2.0,949.0,Downtown,40.69384337563367,-74.01000666573813,3547,Spacious 3bd with in-unit laundry and garage parking
4,,1172.0,Downtown,40.71069216635032,-74.0234557264743,3793,Modern 4bd near transit with central AC and secure entry
4,3.0,1159.0,Midtown,40.75071901388823,-73.99031252580903,4107,"Charming 4bd with fireplace, rooftop access, and pet-friendly policy"
1,2.0,617.0,Riverside,40.796580424635735,-73.96467742220052,2134,"Family-friendly 1bd with backyard, washer/dryer, and storage"
2,1.0,835.0,Uptown,40.77676105338692,-73.9534659643999,3206,"Family-friendly 2bd with backyard, washer/dryer, and storage"
2,1.0,824.0,Uptown,40.7905584556768,-73.98088536224769,3185,"Cozy 2bd, no pets, hardwood floors"
2,3.0,823.0,Midtown,40.75913413792041,-73.98401181617673,3108,"Family-friendly 2bd with backyard, washer/dryer, and storage"
1,2.0,646.0,Riverside,40.81587665769397,-73.97370458914699,2343,Spacious 1bd with in-unit laundry and garage parking
3,2.0,1015.0,Midtown,40.76720806437265,-73.98499774629062,3439,"Cozy 3bd, no pets, hardwood floors"
1,1.0,546.0,Riverside,40.819198798197384,-73.95100930256832,2144,Spacious 1bd with in-unit laundry and garage parking
3,3.0,975.0,Riverside,40.80366375165511,-73.96964739145218,3814,"Cozy 3bd, no pets, hardwood floors"
3,3.0,903.0,Uptown,40.790779270916154,-73.97336540032552,3300,"Bright 3bd with balcony, dishwasher, and gym access"
4,2.0,1171.0,Riverside,40.82146368527174,-73.96555835906187,3784,Spacious 4bd with in-unit laundry and garage parking
3,2.0,990.0,Midtown,40.75313228840985,-73.9910153810329,3711,"Family-friendly 3bd with backyard, washer/dryer, and storage"
2,2.0,,Old Town,40.71604357297762,-73.92852129046287,3189,"Family-friendly 2bd with backyard, washer/dryer, and storage"
4,3.0,1218.0,Downtown,40.702959865568324,-73.99282222097375,4498,Modern 4bd near transit with central AC and secure entry
2,2.0,818.0,Uptown,40.76918477935198,-73.96967310261232,3095,"Cozy 2bd, no pets, hardwood floors"
2,1.0,790.0,Downtown,40.72660268510197,-74.03182696477549,3152,"Charming 2bd with fireplace, rooftop access, and pet-friendly policy"
4,3.0,1189.0,Downtown,40.73701918652551,-74.01110342236638,4219,Spacious 4bd with in-unit laundry and garage parking
2,2.0,789.0,Downtown,40.714493144585944,-73.9991426092938,2659,"Charming 2bd with fireplace, rooftop access, and pet-friendly policy"
1,2.0,630.0,Midtown,40.76671354867339,-73.98221339274089,2375,"Family-friendly 1bd with backyard, washer/dryer, and storage"
2,2.0,849.0,Uptown,40.79666861500448,-73.96497115144493,3075,"Cozy 2bd, no pets, hardwood floors"
4,3.0,1148.0,Midtown,40.77913057368039,-73.97923206948575,4099,"Cozy 4bd, no pets, hardwood floors"
1,1.0,662.0,Midtown,40.7815756262386,-73.97468705391715,2387,"Family-friendly 1bd with backyard, washer/dryer, and storage"
2,2.0,837.0,Riverside,40.77963099849078,-73.93516676785934,2841,"Family-friendly 2bd with backyard, washer/dryer, and storage"
1,2.0,592.0,Riverside,40.79440787069827,-73.94855347181758,2155,"Bright 1bd with balcony, dishwasher, and gym access"
3,2.0,1029.0,Downtown,40.71312152131743,-73.99326691690877,3920,Spacious 3bd with in-unit laundry and garage parking
2,2.0,,Midtown,40.749738253069616,-73.97799106548293,3282,"Bright 2bd with balcony, dishwasher, and gym access"
2,2.0,814.0,Old Town,40.72756171345527,-73.91625196266092,2913,"Bright 2bd with balcony, dishwasher, and gym access"
1,2.0,600.0,Old Town,40.735864018009,-73.92396868830437,2316,"Cozy 1bd, no pets, hardwood floors"
3,2.0,956.0,Midtown,40.732031077542324,-73.98652687215747,3363,"Charming 3bd with fireplace, rooftop access, and pet-friendly policy"
3,3.0,968.0,Old Town,40.7355266196207,-73.93251662112272,3568,"Bright 3bd with balcony, dishwasher, and gym access"
4,3.0,1192.0,Downtown,40.724333886564615,-74.01039085094165,4478,"Cozy 4bd, no pets, hardwood floors"
2,2.0,772.0,Midtown,40.758585445260415,-73.97132527882702,2683,"Family-friendly 2bd with backyard, washer/dryer, and storage"
1,2.0,648.0,Old Town,40.703255731958656,-73.92812779398034,2408,Modern 1bd near transit with central AC and secure entry
4,3.0,1120.0,Uptown,40.78069338208808,-73.98214781749463,4128,Modern 4bd near transit with central AC and secure entry
3,2.0,982.0,Riverside,40.80533853069131,-73.9517705844383,3611,Modern 3bd near transit with central AC and secure entry
3,2.0,994.0,Downtown,40.72526972597781,-74.00762135637088,3844,"Cozy 3bd, no pets, hardwood floors"
1,1.0,728.0,Downtown,40.72330889156513,-73.99558318521865,2843,"Cozy 1bd, no pets, hardwood floors"
2,2.0,755.0,Downtown,40.71175154475409,-74.01431696662385,2889,Spacious 2bd with in-unit laundry and garage parking
4,2.0,1229.0,Downtown,40.70517719162653,-73.99594575981358,4365,"Cozy 4bd, no pets, hardwood floors"
4,3.0,1176.0,Downtown,40.71229423823545,-74.01855418663676,4205,Modern 4bd near transit with central AC and secure entry
2,2.0,826.0,Uptown,40.764481645973895,-73.96121802257484,2856,"Bright 2bd with balcony, dishwasher, and gym access"
4,3.0,1175.0,Uptown,40.77813865893283,-73.96723534693213,4162,"Family-friendly 4bd with backyard, washer/dryer, and storage"
4,3.0,1188.0,Old Town,40.74547648288483,-73.95090709372224,4218,"Family-friendly 4bd with backyard, washer/dryer, and storage"
2,3.0,,Midtown,40.75745835143385,-73.98754832975463,2988,Modern 2bd near transit with central AC and secure entry
4,3.0,1228.0,Downtown,40.71735691450754,-73.99113008001895,4131,Spacious 4bd with in-unit laundry and garage parking
2,3.0,792.0,Old Town,40.714646578224055,-73.92836242461553,2813,Spacious 2bd with in-unit laundry and garage parking
1,2.0,675.0,Downtown,40.725178285299926,-74.00823652476748,2398,"Cozy 1bd, no pets, hardwood floors"
3,2.0,964.0,Riverside,40.79965063608528,-73.96147860757218,3381,"Cozy 3bd, no pets, hardwood floors"
3,3.0,988.0,Downtown,40.71693780493468,-73.9990117687116,3635,Spacious 3bd with in-unit laundry and garage parking
1,2.0,587.0,Uptown,40.79143536631682,-73.98298366766738,2340,"Family-friendly 1bd with backyard, washer/dryer, and storage"
4,3.0,,Riverside,40.81318319797246,-73.95249860205371,4307,"Bright 4bd with balcony, dishwasher, and gym access"
1,2.0,688.0,Uptown,40.78693299472428,-73.9891298636786,2285,"Family-friendly 1bd with backyard, washer/dryer, and storage"
4,3.0,,Uptown,40.783323051528,-73.9688671294767,4024,"Cozy 4bd, no pets, hardwood floors"
1,2.0,622.0,Old Town,40.71686479714656,-73.93952165676292,2537,Spacious 1bd with in-unit laundry and garage parking
4,3.0,1125.0,Downtown,40.695887567349295,-73.99871249330016,4100,Spacious 4bd with in-unit laundry and garage parking
4,2.0,1161.0,Old Town,40.732591463778824,-73.95494939797777,4086,"Bright 4bd with balcony, dishwasher, and gym access"
4,3.0,1106.0,Riverside,40.80551757833898,-73.96717810736868,4023,"Bright 4bd with balcony, dishwasher, and gym access"
3,3.0,953.0,Riverside,40.80749697139305,-73.97119838920506,3663,"Bright 3bd with balcony, dishwasher, and gym access"
2,2.0,819.0,Midtown,40.74838224719109,-73.99475013551749,3152,"Charming 2bd with fireplace, rooftop access, and pet-friendly policy"
3,2.0,1043.0,Midtown,40.75154195740142,-73.98527409884103,3795,Modern 3bd near transit with central AC and secure entry
2,1.0,922.0,Old Town,40.7323755015851,-73.9374886385337,3063,"Family-friendly 2bd with backyard, washer/dryer, and storage"
4,2.0,1147.0,Uptown,40.77962016541204,-73.97541683921607,3952,Spacious 4bd with in-unit laundry and garage parking
3,3.0,1047.0,Midtown,40.78809269742609,-73.99474870181798,3923,"Bright 3bd with balcony, dishwasher, and gym access"
2,,820.0,Downtown,40.70610433589745,-73.96647375069958,3140,Modern 2bd near transit with central AC and secure entry
3,2.0,984.0,Downtown,40.71785215962953,-74.02255976799084,3515,Modern 3bd near transit with central AC and secure entry
3,3.0,1007.0,Midtown,40.76811224644773,-73.99642046667041,3793,"Charming 3bd with fireplace, rooftop access, and pet-friendly policy"
1,,632.0,Downtown,40.72370873809366,-74.00853154735245,2329,"Bright 1bd with balcony, dishwasher, and gym access"
1,1.0,634.0,Downtown,40.70752244980613,-73.98669002037407,2623,"Bright 1bd with balcony, dishwasher, and gym access"
1,2.0,614.0,Downtown,40.71959681623191,-73.99432412675061,2605,"Charming 1bd with fireplace, rooftop access, and pet-friendly policy"
1,1.0,574.0,Riverside,40.806519036154235,-73.97183333428552,2143,"Bright 1bd with balcony, dishwasher, and gym access"
2,2.0,,Downtown,40.7201362530431,-73.99148941528779,3002,Modern 2bd near transit with central AC and secure entry
3,3.0,1016.0,Downtown,40.71441685652221,-73.98438028874784,3744,Spacious 3bd with in-unit laundry and garage parking
3,3.0,979.0,Midtown,40.76820584643843,-73.98295620940274,3934,Spacious 3bd with in-unit laundry and garage parking
2,3.0,786.0,Midtown,40.76101783837222,-73.98385315445239,2820,Spacious 2bd with in-unit laundry and garage parking
4,3.0,1170.0,Riverside,40.78628513457286,-73.9675808663497,4351,"Bright 4bd with balcony, dishwasher, and gym access"
3,3.0,1022.0,Riverside,40.803954237824094,-73.97149302145519,3588,"Charming 3bd with fireplace, rooftop access, and pet-friendly policy"
1,1.0,637.0,Midtown,40.76205212422446,-73.98524431011575,2194,Spacious 1bd with in-unit laundry and garage parking
4,4.0,1144.0,Midtown,40.767284302693184,-73.97754265142721,4096,"Charming 4bd with fireplace, rooftop access, and pet-friendly policy"
3,2.0,1039.0,Midtown,40.76000583945102,-74.00190655469562,3623,"Charming 3bd with fireplace, rooftop access, and pet-friendly policy"
3,3.0,1053.0,Downtown,40.734288672864174,-74.00770269198286,3518,Spacious 3bd with in-unit laundry and garage parking
3,2.0,1010.0,Midtown,40.75702936255566,-73.9896102501844,3630,Spacious 3bd with in-unit laundry and garage parking
3,3.0,1029.0,Downtown,40.70693906012721,-73.98747130342399,3788,"Charming 3bd with fireplace, rooftop access, and pet-friendly policy"
1,2.0,680.0,Downtown,40.72943253184464,-74.00066727915707,2508,Modern 1bd near transit with central AC and secure entry
3,2.0,1035.0,Uptown,40.78340999814683,-73.96377058417983,3501,"Cozy 3bd, no pets, hardwood floors"
4,3.0,1195.0,Downtown,40.71368556378123,-74.00828267501987,4195,"Charming 4bd with fireplace, rooftop access, and pet-friendly policy"
2,2.0,834.0,Downtown,40.716857271058075,-74.01129389296335,3030,Modern 2bd near transit with central AC and secure entry
3,3.0,1011.0,Uptown,40.787727171168044,-73.96874934889253,3582,Modern 3bd near transit with central AC and secure entry
1,,586.0,Midtown,40.7652352322551,-73.9929296434897,2478,"Family-friendly 1bd with backyard, washer/dryer, and storage"
2,2.0,838.0,Downtown,40.72132163623452,-74.01687573791541,3077,"Cozy 2bd, no pets, hardwood floors"
2,2.0,756.0,Downtown,40.70592920018055,-74.01234710070975,2715,"Bright 2bd with balcony, dishwasher, and gym access"
4,3.0,1138.0,Downtown,40.69993537873152,-73.99381205259937,4057,Spacious 4bd with in-unit laundry and garage parking
1,1.0,682.0,Midtown,40.74637137028572,-73.99388699604889,2466,Modern 1bd near transit with central AC and secure entry
2,2.0,,Old Town,40.745664892525845,-73.94204699242223,3121,"Charming 2bd with fireplace, rooftop access, and pet-friendly policy"
2,2.0,869.0,Riverside,40.79904228777834,-73.97864434801099,3224,Modern 2bd near transit with central AC and secure entry
4,4.0,1159.0,Midtown,40.76799541449147,-73.97533916506971,4401,"Family-friendly 4bd with backyard, washer/dryer, and storage"
4,4.0,1124.0,Midtown,40.76686735084948,-73.97904964206167,4107,"Cozy 4bd, no pets, hardwood floors"
1,2.0,620.0,Old Town,40.731483069332235,-73.94149252000325,2416,Modern 1bd near transit with central AC and secure entry
1,2.0,634.0,Uptown,40.77492036832001,-73.95572113367885,2123,"Charming 1bd with fireplace, rooftop access, and pet-friendly policy"
4,3.0,1173.0,Downtown,40.72197765126072,-74.0143196507264,4253,Spacious 4bd with in-unit laundry and garage parking
1,1.0,675.0,Downtown,40.71327798121868,-74.00960138111581,2305,"Cozy 1bd, no pets, hardwood floors"
4,3.0,1156.0,Midtown,40.74446147153154,-73.98336818348055,4121,"Family-friendly 4bd with backyard, washer/dryer, and storage"
2,2.0,,Uptown,40.77971408802913,-73.98263043999555,3402,Spacious 2bd with in-unit laundry and garage parking
4,2.0,1130.0,Downtown,40.6950504093503,-74.02476564200246,4177,"Cozy 4bd, no pets, hardwood floors"
2,2.0,,Midtown,40.75354288646767,-73.9865211396451,2858,"Charming 2bd with fireplace, rooftop access, and pet-friendly policy"
2,2.0,810.0,Midtown,40.74749639027805,-73.97769112686811,3025,Spacious 2bd with in-unit laundry and garage parking
3,3.0,960.0,Midtown,40.75721344149861,-73.97857737627282,3438,"Bright 3bd with balcony, dishwasher, and gym access"
1,2.0,621.0,Uptown,40.78250507051775,-73.98064541162248,2179,"Cozy 1bd, no pets, hardwood floors"
3,3.0,983.0,Old Town,40.731969410853665,-73.95035209414421,3806,"Bright 3bd with balcony, dishwasher, and gym access"
3,,979.0,Uptown,40.79117326224764,-73.98244579047815,3667,"Cozy 3bd, no pets, hardwood floors"
4,3.0,1241.0,Downtown,40.723818790318404,-74.0100614689549,4332,"Cozy 4bd, no pets, hardwood floors"
4,3.0,1166.0,Downtown,40.72555040219572,-74.01947147826306,4120,"Family-friendly 4bd with backyard, washer/dryer, and storage"
3,2.0,980.0,Riverside,40.79316676359125,-73.96192878063782,3483,Spacious 3bd with in-unit laundry and garage parking
2,2.0,726.0,Uptown,40.79874596512112,-73.95120069310022,3047,Spacious 2bd with in-unit laundry and garage parking
2,2.0,774.0,Downtown,40.71329639396417,-73.98394705243057,2996,"Cozy 2bd, no pets, hardwood floors"
2,2.0,,Midtown,40.7545240254021,-73.97231478853165,2487,"Family-friendly 2bd with backyard, washer/dryer, and storage"
4,3.0,1143.0,Old Town,40.71929382803649,-73.93015759391764,4420,"Bright 4bd with balcony, dishwasher, and gym access"
2,2.0,865.0,Old Town,40.70249968350973,-73.94865909213983,3010,Spacious 2bd with in-unit laundry and garage parking
1,1.0,623.0,Riverside,40.806900121576966,-73.9822492662264,2399,Modern 1bd near transit with central AC and secure entry
2,1.0,862.0,Uptown,40.78982339532947,-73.96032250255024,3161,Modern 2bd near transit with central AC and secure entry
1,2.0,632.0,Midtown,40.75198415768738,-73.99712743546809,2444,"Bright 1bd with balcony, dishwasher, and gym access"
1,2.0,631.0,Midtown,40.75230976060975,-73.99708974783022,2485,Spacious 1bd with in-unit laundry and garage parking
1,2.0,626.0,Downtown,40.71158543730381,-74.00477491250135,2337,"Charming 1bd with fireplace, rooftop access, and pet-friendly policy"
4,4.0,1170.0,Old Town,40.726927878522844,-73.91510768911775,3909,"Charming 4bd with fireplace, rooftop access, and pet-friendly policy"
3,2.0,1059.0,Uptown,40.776067154163755,-73.95450280184893,3656,"Charming 3bd with fireplace, rooftop access, and pet-friendly policy"
3,4.0,897.0,Downtown,40.700305129164256,-74.0051266691607,3681,"Charming 3bd with fireplace, rooftop access, and pet-friendly policy"
2,2.0,730.0,Riverside,40.815497264902575,-73.95292371417295,2744,"Cozy 2bd, no pets, hardwood floors"
3,3.0,968.0,Midtown,40.7529569052276,-73.97883916335914,3418,"Bright 3bd with balcony, dishwasher, and gym access"
1,1.0,631.0,Downtown,40.71785414900397,-74.01247927014312,2589,"Charming 1bd with fireplace, rooftop access, and pet-friendly policy"
4,3.0,1198.0,Midtown,40.76539139924578,-73.96315009393537,4118,"Bright 4bd with balcony, dishwasher, and gym access"
3,3.0,1009.0,Riverside,40.806960407980746,-73.95970372345114,3506,"Charming 3bd with fireplace, rooftop access, and pet-friendly policy"
4,3.0,1155.0,Riverside,40.809365859738406,-73.98403171928825,4059,Modern 4bd near transit with central AC and secure entry
1,2.0,671.0,Uptown,40.79022269607847,-73.98340111489806,2381,"Charming 1bd with fireplace, rooftop access, and pet-friendly policy"
2,2.0,851.0,Riverside,40.794221356711624,-73.94055669862574,2769,Spacious 2bd with in-unit laundry and garage parking
3,3.0,997.0,Riverside,40.79826086068409,-73.97538208925153,3472,"Family-friendly 3bd with backyard, washer/dryer, and storage"
2,2.0,849.0,Riverside,40.81513099094681,-73.9778721240341,3036,"Family-friendly 2bd with backyard, washer/dryer, and storage"
2,2.0,821.0,Riverside,40.79593097026972,-73.95151137398416,2998,"Cozy 2bd, no pets, hardwood floors"
1,1.0,608.0,Midtown,40.7585132107837,-74.00423916454152,2514,"Family-friendly 1bd with backyard, washer/dryer, and storage"
2,2.0,838.0,Old Town,40.737127875371876,-73.93995759058456,3221,"Cozy 2bd, no pets, hardwood floors"
1,1.0,634.0,Uptown,40.803178217838365,-73.97847424337161,2568,"Charming 1bd with fireplace, rooftop access, and pet-friendly policy"
2,3.0,810.0,Old Town,40.743214711684715,-73.9138916236116,3045,"Charming 2bd with fireplace, rooftop access, and pet-friendly policy"
3,2.0,1049.0,Downtown,40.70258868131426,-74.0083185562491,3649,Spacious 3bd with in-unit laundry and garage parking
3,2.0,892.0,Old Town,40.73526350328974,-73.94548814903064,3275,Modern 3bd near transit with central AC and secure entry
3,2.0,933.0,Riverside,40.804543539360495,-73.96919904345008,3469,"Bright 3bd with balcony, dishwasher, and gym access"
2,2.0,763.0,Midtown,40.75505918914088,-73.98491273928751,2987,"Charming 2bd with fireplace, rooftop access, and pet-friendly policy"
4,3.0,1155.0,Riverside,40.80215517658694,-73.96453343077108,4239,"Cozy 4bd, no pets, hardwood floors"
1,2.0,620.0,Midtown,40.75081408385452,-73.9921620606922,2450,"Family-friendly 1bd with backyard, washer/dryer, and storage"
2,2.0,750.0,Downtown,40.7113769489341,-74.00653709169482,2899,Spacious 2bd with in-unit laundry and garage parking
1,1.0,591.0,Downtown,40.70753380792064,-74.00211272429497,2470,"Cozy 1bd, no pets, hardwood floors"
2,2.0,776.0,Old Town,40.7088228590159,-73.9439655951069,3050,"Charming 2bd with fireplace, rooftop access, and pet-friendly policy"
4,3.0,1268.0,Uptown,40.781340866085564,-73.98147338224436,4379,"Bright 4bd with balcony, dishwasher, and gym access"
2,,882.0,Midtown,40.77755037617771,-73.9852736578393,3056,"Family-friendly 2bd with backyard, washer/dryer, and storage"
4,3.0,1154.0,Uptown,40.786821236138714,-73.97699876849558,3967,"Charming 4bd with fireplace, rooftop access, and pet-friendly policy"
2,1.0,795.0,Midtown,40.75781065295553,-74.00008304157163,2815,"Charming 2bd with fireplace, rooftop access, and pet-friendly policy"
3,3.0,944.0,Midtown,40.75596219556686,-73.99674410114315,3392,Spacious 3bd with in-unit laundry and garage parking
2,,734.0,Riverside,40.797971156982925,-73.99721899879563,2885,"Cozy 2bd, no pets, hardwood floors"
2,2.0,805.0,Old Town,40.71706396149868,-73.91763288314583,2979,"Family-friendly 2bd with backyard, washer/dryer, and storage"
4,3.0,1130.0,Old Town,40.740564772989295,-73.919371527969,3827,"Charming 4bd with fireplace, rooftop access, and pet-friendly policy"
4,3.0,1167.0,Uptown,40.80135265523605,-73.96312415091002,4034,"Charming 4bd with fireplace, rooftop access, and pet-friendly policy"
2,1.0,746.0,Riverside,40.79586557577545,-73.97894701135519,2900,"Family-friendly 2bd with backyard, washer/dryer, and storage"
4,,1140.0,Midtown,40.7717609352654,-73.98472518430735,3973,Spacious 4bd with in-unit laundry and garage parking
2,2.0,816.0,Midtown,40.78792827379659,-73.98988117571213,3037,"Family-friendly 2bd with backyard, washer/dryer, and storage"
3,3.0,1005.0,Downtown,40.736474750257365,-74.00788150148836,3565,"Cozy 3bd, no pets, hardwood floors"
4,3.0,1187.0,Uptown,40.800732583167104,-73.9508396991532,4029,"Family-friendly 4bd with backyard, washer/dryer, and storage"
2,2.0,757.0,Uptown,40.77242460086183,-73.97701997693949,2865,Modern 2bd near transit with central AC and secure entry
3,2.0,1024.0,Old Town,40.71820424929162,-73.9499593338591,3605,"Cozy 3bd, no pets, hardwood floors"
2,2.0,778.0,Midtown,40.766004802206304,-73.98785954044298,2793,"Charming 2bd with fireplace, rooftop access, and pet-friendly policy"
1,2.0,655.0,Downtown,40.71342839587828,-73.99932513038033,2403,"Charming 1bd with fireplace, rooftop access, and pet-friendly policy"
1,2.0,630.0,Uptown,40.76241135799542,-73.9557588079525,2405,Modern 1bd near transit with central AC and secure entry
2,1.0,755.0,Riverside,40.797110870039916,-73.96011118432514,2761,"Family-friendly 2bd with backyard, washer/dryer, and storage"
4,3.0,1157.0,Midtown,40.765448554070744,-73.96905044127084,3884,Spacious 4bd with in-unit laundry and garage parking
1,1.0,645.0,Downtown,40.711541711346605,-74.03148364950852,2195,"Cozy 1bd, no pets, hardwood floors"
2,2.0,835.0,Midtown,40.758685531361444,-73.98309151770206,2934,Spacious 2bd with in-unit laundry and garage parking
3,2.0,984.0,Midtown,40.74558886969032,-73.9837301121468,3351,"Cozy 3bd, no pets, hardwood floors"
1,1.0,691.0,Midtown,40.75366777878329,-74.00161304739139,2401,"Bright 1bd with balcony, dishwasher, and gym access"
3,2.0,1030.0,Midtown,40.766057818740116,-73.99226470181078,3861,"Bright 3bd with balcony, dishwasher, and gym access"
2,2.0,800.0,Uptown,40.779823449423155,-73.97675094616744,2708,"Cozy 2bd, no pets, hardwood floors"
4,2.0,1200.0,Midtown,40.77282574316957,-73.98599099394129,4148,Modern 4bd near transit with central AC and secure entry
3,2.0,1067.0,Midtown,40.758949197846555,-73.99078763385263,3981,"Cozy 3bd, no pets, hardwood floors"
3,3.0,1068.0,Downtown,40.71835440186706,-73.98980818341859,3759,"Bright 3bd with balcony, dishwasher, and gym access"
1,1.0,581.0,Riverside,40.80907432980984,-73.95825759646398,2235,"Charming 1bd with fireplace, rooftop access, and pet-friendly policy"
2,2.0,773.0,Midtown,40.76527476247062,-74.00206291171973,2890,Modern 2bd near transit with central AC and secure entry
4,3.0,1229.0,Midtown,40.74748657401961,-73.9879598487232,4294,Spacious 4bd with in-unit laundry and garage parking
1,1.0,588.0,Downtown,40.704089631490085,-74.01877444429707,2603,"Cozy 1bd, no pets, hardwood floors"
4,3.0,1117.0,Uptown,40.76223389110955,-73.9873583505576,3963,"Family-friendly 4bd with backyard, washer/dryer, and storage"
2,3.0,791.0,Riverside,40.79822169331189,-73.96733311640182,2810,"Cozy 2bd, no pets, hardwood floors"
3,2.0,1007.0,Downtown,40.703283354686434,-74.0050528974478,3407,"Charming 3bd with fireplace, rooftop access, and pet-friendly policy"
3,3.0,986.0,Downtown,40.7075939963091,-73.99291311695151,3601,"Cozy 3bd, no pets, hardwood floors"
2,2.0,784.0,Downtown,40.710860490831706,-73.99764402942318,2753,Modern 2bd near transit with central AC and secure entry
2,2.0,783.0,Uptown,40.787138565147536,-73.98802485247093,2823,"Bright 2bd with balcony, dishwasher, and gym access"
3,3.0,962.0,Riverside,40.80021210189115,-73.98132748919194,3368,Modern 3bd near transit with central AC and secure entry
1,2.0,595.0,Midtown,40.7567025499414,-73.99444156980677,2484,"Family-friendly 1bd with backyard, washer/dryer, and storage"
3,3.0,1081.0,Midtown,40.76258355640182,-74.00160825204959,3603,Spacious 3bd with in-unit laundry and garage parking
1,1.0,642.0,Old Town,40.73077642190336,-73.92833101300924,2390,"Bright 1bd with balcony, dishwasher, and gym access"
3,3.0,1025.0,Old Town,40.74149114683171,-73.9443700130946,3308,Modern 3bd near transit with central AC and secure entry
3,2.0,970.0,Midtown,40.75821301166649,-73.98329023632506,3550,"Cozy 3bd, no pets, hardwood floors"
1,2.0,623.0,Downtown,40.73136551535451,-74.023775960729,2215,"Bright 1bd with balcony, dishwasher, and gym access"
4,3.0,1141.0,Midtown,40.74706676945915,-73.95184645008717,4047,"Charming 4bd with fireplace, rooftop access, and pet-friendly policy"
2,2.0,704.0,Old Town,40.72732283259253,-73.95789192571884,3096,"Cozy 2bd, no pets, hardwood floors"
4,,1115.0,Old Town,40.72360939827983,-73.96842647865756,4159,"Cozy 4bd, no pets, hardwood floors"
1,1.0,558.0,Old Town,40.733491048549475,-73.92548258287665,2197,Modern 1bd near transit with central AC and secure entry
1,2.0,540.0,Riverside,40.790360051485976,-73.97214868706702,2715,Spacious 1bd with in-unit laundry and garage parking
2,3.0,762.0,Midtown,40.76908384986443,-74.00650258557816,2762,Spacious 2bd with in-unit laundry and garage parking
1,2.0,683.0,Midtown,40.74214114545361,-73.98823738218059,2617,"Charming 1bd with fireplace, rooftop access, and pet-friendly policy"
2,3.0,808.0,Downtown,40.703771981950396,-74.00952640276968,2766,"Cozy 2bd, no pets, hardwood floors"
3,3.0,1042.0,Riverside,40.78613499616712,-73.96392823816893,3576,Spacious 3bd with in-unit laundry and garage parking
1,1.0,646.0,Uptown,40.78290920297784,-73.9646097140692,2156,Modern 1bd near transit with central AC and secure entry
3,2.0,1021.0,Midtown,40.760404794005765,-73.98301971913006,3637,"Bright 3bd with balcony, dishwasher, and gym access"
1,2.0,594.0,Downtown,40.69544431174564,-74.00008890138027,2365,"Bright 1bd with balcony, dishwasher, and gym access"
1,1.0,651.0,Old Town,40.72662960317835,-73.93719917969179,2297,"Bright 1bd with balcony, dishwasher, and gym access"
3,2.0,1019.0,Old Town,40.74317917251669,-73.9438332266782,3704,Spacious 3bd with in-unit laundry and garage parking
4,3.0,1147.0,Old Town,40.74681421194151,-73.91786629640752,3977,"Charming 4bd with fireplace, rooftop access, and pet-friendly policy"
1,2.0,652.0,Downtown,40.721833413248376,-74.0177674497292,2485,Spacious 1bd with in-unit laundry and garage parking
2,1.0,833.0,Riverside,40.775064481052475,-73.95355398102888,3103,"Bright 2bd with balcony, dishwasher, and gym access"
4,3.0,1148.0,Old Town,40.73193662073597,-73.94414236964985,3841,"Cozy 4bd, no pets, hardwood floors"
4,4.0,1125.0,Old Town,40.74468274812507,-73.94553870657053,3921,Modern 4bd near transit with central AC and secure entry
3,2.0,943.0,Old Town,40.72551013690123,-73.9289013156282,3445,Modern 3bd near transit with central AC and secure entry
2,2.0,813.0,Riverside,40.78793676602062,-73.96781377091528,3049,"Bright 2bd with balcony, dishwasher, and gym access"
2,2.0,823.0,Riverside,40.814369646206956,-73.96396667107655,3180,Modern 2bd near transit with central AC and secure entry
3,3.0,958.0,Uptown,40.79966911604188,-73.95759677170392,3446,"Cozy 3bd, no pets, hardwood floors"
3,3.0,991.0,Midtown,40.758092860013065,-74.01354089651629,3510,Spacious 3bd with in-unit laundry and garage parking
2,2.0,833.0,Midtown,40.74473073245742,-73.97633999065138,2863,"Charming 2bd with fireplace, rooftop access, and pet-friendly policy"
1,2.0,655.0,Old Town,40.71199698295658,-73.93912031106304,2397,Modern 1bd near transit with central AC and secure entry
1,1.0,692.0,Old Town,40.73466176736427,-73.91756515165086,2354,Modern 1bd near transit with central AC and secure entry
4,4.0,1221.0,Downtown,40.70589976364255,-74.013721852509,4212,"Charming 4bd with fireplace, rooftop access, and pet-friendly policy"
2,2.0,770.0,Downtown,40.71217065080206,-74.00178904436228,2930,"Charming 2bd with fireplace, rooftop access, and pet-friendly policy"
2,2.0,877.0,Riverside,40.799449038071245,-73.95390877981336,3123,Modern 2bd near transit with central AC and secure entry
2,2.0,789.0,Riverside,40.791710274003655,-73.96505806879945,2836,"Family-friendly 2bd with backyard, washer/dryer, and storage"
4,3.0,1212.0,Riverside,40.80664255252296,-73.97130279371886,4076,Modern 4bd near transit with central AC and secure entry
1,2.0,633.0,Midtown,40.768076519238726,-73.9837124975051,2439,"Cozy 1bd, no pets, hardwood floors"
1,1.0,614.0,Old Town,40.74006614855783,-73.93287075070342,1838,Modern 1bd near transit with central AC and secure entry
2,1.0,738.0,Riverside,40.805816854857845,-73.9740887010822,2761,"Charming 2bd with fireplace, rooftop access, and pet-friendly policy"
2,2.0,803.0,Midtown,40.750430739537705,-73.97080724224085,2782,"Charming 2bd with fireplace, rooftop access, and pet-friendly policy"
3,3.0,928.0,Downtown,40.72042612533424,-74.01827558199467,3688,Modern 3bd near transit with central AC and secure entry
2,3.0,849.0,Riverside,40.803470361095854,-73.99498531264243,2936,"Charming 2bd with fireplace, rooftop access, and pet-friendly policy"
2,2.0,871.0,Downtown,40.705912718035606,-73.99446766788056,2996,"Cozy 2bd, no pets, hardwood floors"
4,2.0,1138.0,Uptown,40.78319825293547,-73.96978504796401,4064,Spacious 4bd with in-unit laundry and garage parking
1,2.0,642.0,Old Town,40.69440342504176,-73.93990704341763,2242,"Bright 1bd with balcony, dishwasher, and gym access"
3,2.0,961.0,Old Town,40.73465926668593,-73.92961652149522,3401,"Cozy 3bd, no pets, hardwood floors"
3,3.0,965.0,Midtown,40.76954826853601,-73.98802309302128,3537,"Charming 3bd with fireplace, rooftop access, and pet-friendly policy"
2,2.0,841.0,Old Town,40.728612130248514,-73.95118540915291,2886,Spacious 2bd with in-unit laundry and garage parking
4,4.0,1168.0,Downtown,40.71034574152992,-74.02113890074877,4118,Modern 4bd near transit with central AC and secure entry
2,2.0,880.0,Riverside,40.779125558562335,-73.97952215244132,2892,"Family-friendly 2bd with backyard, washer/dryer, and storage"
4,3.0,1151.0,Downtown,40.73090421889365,-74.00924673441816,3985,Spacious 4bd with in-unit laundry and garage parking
2,2.0,850.0,Old Town,40.73323852835628,-73.94136195501437,2971,Spacious 2bd with in-unit laundry and garage parking
3,2.0,994.0,Old Town,40.70911338776658,-73.92396664250084,3552,Modern 3bd near transit with central AC and secure entry
3,3.0,1022.0,Downtown,40.68673362232173,-74.0126575121215,3420,"Charming 3bd with fireplace, rooftop access, and pet-friendly policy"
4,4.0,1152.0,Midtown,40.7573446214298,-73.98273412427885,4239,Spacious 4bd with in-unit laundry and garage parking
2,2.0,808.0,Old Town,40.72188236474565,-73.95725553779666,3019,Spacious 2bd with in-unit laundry and garage parking
2,2.0,805.0,Downtown,40.70318688049198,-74.01498509585143,3138,"Charming 2bd with fireplace, rooftop access, and pet-friendly policy"
1,1.0,597.0,Downtown,40.70352287805814,-73.99435929691751,2405,Modern 1bd near transit with central AC and secure entry
2,2.0,836.0,Midtown,40.743436766662334,-73.98188824870674,3095,"Family-friendly 2bd with backyard, washer/dryer, and storage"
4,3.0,1196.0,Riverside,40.803199564446615,-73.95497453907034,4498,"Cozy 4bd, no pets, hardwood floors"
1,1.0,654.0,Uptown,40.783102417539155,-73.96170642839363,2322,"Cozy 1bd, no pets, hardwood floors"
4,3.0,1231.0,Midtown,40.75593335834287,-73.98028728968099,4076,"Bright 4bd with balcony, dishwasher, and gym access"
3,2.0,1048.0,Riverside,40.783264706953034,-73.99815933691549,3391,"Cozy 3bd, no pets, hardwood floors"
1,1.0,615.0,Uptown,40.78923056224279,-73.96602580248752,2579,"Bright 1bd with balcony, dishwasher, and gym access"
2,2.0,825.0,Midtown,40.76370602799783,-73.99179919017706,3249,"Charming 2bd with fireplace, rooftop access, and pet-friendly policy"
3,2.0,965.0,Midtown,40.77587666702653,-73.99101853378885,3384,"Family-friendly 3bd with backyard, washer/dryer, and storage"
2,1.0,811.0,Midtown,40.76305054823607,-73.97836436529995,2856,"Charming 2bd with fireplace, rooftop access, and pet-friendly policy"
1,2.0,606.0,Midtown,40.77862488191699,-73.98930435543748,2290,"Bright 1bd with balcony, dishwasher, and gym access"
3,2.0,1055.0,Old Town,40.722761685125256,-73.95317774461297,3772,"Family-friendly 3bd with backyard, washer/dryer, and storage"
3,2.0,1005.0,Downtown,40.73142840407995,-74.00094306911542,3418,"Bright 3bd with balcony, dishwasher, and gym access"
1,1.0,621.0,Old Town,40.73603673327074,-73.8977995491041,2008,Modern 1bd near transit with central AC and secure entry
2,3.0,858.0,Downtown,40.71670053689424,-74.0216278568612,3388,"Family-friendly 2bd with backyard, washer/dryer, and storage"
1,2.0,543.0,Midtown,40.75564915710009,-73.99719738890619,2300,"Family-friendly 1bd with backyard, washer/dryer, and storage"
3,2.0,909.0,Downtown,40.70804957926501,-74.01083107523306,3551,"Charming 3bd with fireplace, rooftop access, and pet-friendly policy"
3,3.0,1022.0,Uptown,40.7776557073072,-73.98791939006426,3534,Spacious 3bd with in-unit laundry and garage parking
3,2.0,992.0,Old Town,40.74971001960407,-73.93161382346673,3574,"Family-friendly 3bd with backyard, washer/dryer, and storage"
4,,1180.0,Midtown,40.7552943355836,-73.97640834604582,3936,"Family-friendly 4bd with backyard, washer/dryer, and storage"
4,2.0,1117.0,Downtown,40.71845280729819,-74.00269171120709,3987,"Family-friendly 4bd with backyard, washer/dryer, and storage"
2,2.0,809.0,Midtown,40.7662199768732,-73.9838927830749,2978,Spacious 2bd with in-unit laundry and garage parking
1,1.0,710.0,Old Town,40.7386426574839,-73.92616265238946,2082,"Bright 1bd with balcony, dishwasher, and gym access"
3,2.0,1023.0,Midtown,40.75995262482039,-73.98814473392196,3556,"Charming 3bd with fireplace, rooftop access, and pet-friendly policy"
4,3.0,1177.0,Old Town,40.74896477361745,-73.94093481847727,4048,"Charming 4bd with fireplace, rooftop access, and pet-friendly policy"
4,3.0,1152.0,Midtown,40.76269576320513,-73.98053309907114,4080,"Cozy 4bd, no pets, hardwood floors"
1,1.0,614.0,Downtown,40.70548530577284,-74.01569386862374,2302,"Bright 1bd with balcony, dishwasher, and gym access"
1,2.0,545.0,Old Town,40.726353775749566,-73.94110660223811,2050,"Charming 1bd with fireplace, rooftop access, and pet-friendly policy"
1,1.0,640.0,Uptown,40.76720243326034,-73.97901794099023,2076,"Charming 1bd with fireplace, rooftop access, and pet-friendly policy"
1,2.0,664.0,Downtown,40.715994675815615,-73.99080867699021,2473,"Cozy 1bd, no pets, hardwood floors"
3,3.0,927.0,Riverside,40.807952696022085,-73.99769441398044,3412,"Family-friendly 3bd with backyard, washer/dryer, and storage"
3,2.0,964.0,Downtown,40.72049564457709,-74.01269782143075,3349,"Charming 3bd with fireplace, rooftop access, and pet-friendly policy"
2,2.0,764.0,Midtown,40.76343696089626,-73.98566962311052,2910,Spacious 2bd with in-unit laundry and garage parking
2,2.0,771.0,Midtown,40.75568774848696,-73.98672682873554,2867,Spacious 2bd with in-unit laundry and garage parking
4,3.0,1172.0,Uptown,40.78443090830076,-73.95506714033492,4048,Spacious 4bd with in-unit laundry and garage parking
2,3.0,727.0,Old Town,40.730364077754984,-73.92217356640182,2471,Spacious 2bd with in-unit laundry and garage parking
4,3.0,1195.0,Downtown,40.72407887039015,-73.997995453429,4320,"Family-friendly 4bd with backyard, washer/dryer, and storage"
4,3.0,1200.0,Riverside,40.77986057415844,-73.95310040812606,3991,"Bright 4bd with balcony, dishwasher, and gym access"
2,3.0,800.0,Old Town,40.72510518447037,-73.9266112726271,2903,"Family-friendly 2bd with backyard, washer/dryer, and storage"
1,2.0,531.0,Riverside,40.789629606001114,-73.98072088851964,2101,Spacious 1bd with in-unit laundry and garage parking
4,3.0,1130.0,Old Town,40.75431666484198,-73.94668379680205,3981,Modern 4bd near transit with central AC and secure entry
3,3.0,1039.0,Riverside,40.81505327966862,-73.96507895614276,3782,"Family-friendly 3bd with backyard, washer/dryer, and storage"
2,2.0,,Uptown,40.779658559299676,-73.97173794661195,2858,"Charming 2bd with fireplace, rooftop access, and pet-friendly policy"
3,2.0,976.0,Midtown,40.74238686604163,-73.98566505255532,3707,"Cozy 3bd, no pets, hardwood floors"
3,2.0,943.0,Midtown,40.74500711623325,-73.99024532553177,3542,Modern 3bd near transit with central AC and secure entry
4,3.0,1202.0,Old Town,40.741703594767635,-73.93214971188131,4196,"Bright 4bd with balcony, dishwasher, and gym access"
2,2.0,783.0,Midtown,40.740213954013434,-73.97528214247704,2660,"Bright 2bd with balcony, dishwasher, and gym access"
4,3.0,1186.0,Old Town,40.730514802857094,-73.9417062232209,4068,Modern 4bd near transit with central AC and secure entry
4,3.0,1193.0,Downtown,40.72176011564691,-74.00800648204373,4181,Modern 4bd near transit with central AC and secure entry
1,2.0,703.0,Riverside,40.78731206392113,-73.9443262834626,2639,"Family-friendly 1bd with backyard, washer/dryer, and storage"
1,1.0,622.0,Downtown,40.71259255068531,-74.00697662245379,2319,Spacious 1bd with in-unit laundry and garage parking
3,,1005.0,Riverside,40.79643873793923,-73.9523404111265,3603,"Cozy 3bd, no pets, hardwood floors"
1,2.0,571.0,Downtown,40.7065014579023,-74.02453975830574,2359,Modern 1bd near transit with central AC and secure entry
2,2.0,858.0,Downtown,40.70465586805725,-73.99007870479454,3236,Modern 2bd near transit with central AC and secure entry
2,1.0,780.0,Old Town,40.74058558593749,-73.93826018783192,2846,"Charming 2bd with fireplace, rooftop access, and pet-friendly policy"
4,3.0,1148.0,Old Town,40.74707906169969,-73.92622469325413,4187,"Family-friendly 4bd with backyard, washer/dryer, and storage"
4,3.0,1169.0,Old Town,40.72740092763639,-73.93719091826121,3837,Spacious 4bd with in-unit laundry and garage parking
1,2.0,567.0,Riverside,40.80525181278334,-73.97648264339597,2030,"Bright 1bd with balcony, dishwasher, and gym access"
4,3.0,1179.0,Midtown,40.758054060786115,-73.98179783962465,3819,"Charming 4bd with fireplace, rooftop access, and pet-friendly policy"
1,,669.0,Riverside,40.781056405136695,-73.96877184387081,2527,"Charming 1bd with fireplace, rooftop access, and pet-friendly policy"
3,3.0,1002.0,Midtown,40.754363325775614,-73.97316318376048,3673,"Family-friendly 3bd with backyard, washer/dryer, and storage"
4,3.0,1106.0,Uptown,40.76256603607427,-73.97577807223644,4163,"Bright 4bd with balcony, dishwasher, and gym access"
4,3.0,1165.0,Midtown,40.75221894423163,-73.97397914843295,4041,Spacious 4bd with in-unit laundry and garage parking
1,1.0,660.0,Downtown,40.71227744116762,-73.98444686425218,2361,"Cozy 1bd, no pets, hardwood floors"
4,3.0,1095.0,Uptown,40.79264656058288,-73.97612267593027,3995,"Charming 4bd with fireplace, rooftop access, and pet-friendly policy"
1,1.0,587.0,Old Town,40.73347590435871,-73.93944882571243,2473,"Bright 1bd with balcony, dishwasher, and gym access"
3,2.0,1025.0,Downtown,40.723112753085886,-74.0219863725595,3893,"Family-friendly 3bd with backyard, washer/dryer, and storage"
2,2.0,821.0,Riverside,40.791415648281145,-73.96103172097733,3083,Spacious 2bd with in-unit laundry and garage parking
2,2.0,826.0,Uptown,40.79940907738469,-73.99762362315367,3000,"Bright 2bd with balcony, dishwasher, and gym access"
1,1.0,704.0,Downtown,40.729293654591885,-74.00768162154114,2706,"Charming 1bd with fireplace, rooftop access, and pet-friendly policy"
4,3.0,1189.0,Old Town,40.70799350045676,-73.97122073410267,4080,"Cozy 4bd, no pets, hardwood floors"
2,2.0,836.0,Downtown,40.6944473672103,-74.00623645827015,2975,Spacious 2bd with in-unit laundry and garage parking
3,2.0,,Downtown,40.712009223546296,-73.99840159478349,3719,"Cozy 3bd, no pets, hardwood floors"
2,,801.0,Old Town,40.72400615386927,-73.94849648655735,2749,Spacious 2bd with in-unit laundry and garage parking
2,2.0,778.0,Downtown,40.70784296334807,-74.00559667655706,2929,Modern 2bd near transit with central AC and secure entry
4,3.0,1187.0,Downtown,40.715569273539465,-74.01546997639127,4040,"Cozy 4bd, no pets, hardwood floors"
1,2.0,648.0,Old Town,40.74141736040403,-73.94265676126068,2492,"Cozy 1bd, no pets, hardwood floors"
3,,969.0,Downtown,40.7023633916521,-74.01250869811362,3645,Modern 3bd near transit with central AC and secure entry
3,,949.0,Old Town,40.74349808210843,-73.93679355743528,3659,"Cozy 3bd, no pets, hardwood floors"
2,2.0,902.0,Old Town,40.722265837963164,-73.92408670699461,2788,Modern 2bd near transit with central AC and secure entry
2,2.0,823.0,Downtown,40.738512982479385,-74.0034838083883,3301,"Charming 2bd with fireplace, rooftop access, and pet-friendly policy"
1,2.0,601.0,Uptown,40.799506109530384,-73.9587670645931,2060,"Charming 1bd with fireplace, rooftop access, and pet-friendly policy"
4,3.0,1207.0,Downtown,40.705532322980105,-74.00568038983428,4054,"Family-friendly 4bd with backyard, washer/dryer, and storage"
4,3.0,1166.0,Uptown,40.76930946444355,-73.97365930719634,4015,"Charming 4bd with fireplace, rooftop access, and pet-friendly policy"
1,2.0,620.0,Downtown,40.70528571557049,-74.0108346314861,2588,"Family-friendly 1bd with backyard, washer/dryer, and storage"
1,,652.0,Riverside,40.792301259623436,-73.96994516169835,2421,Spacious 1bd with in-unit laundry and garage parking
1,2.0,578.0,Downtown,40.71918679223518,-74.00743390292529,2299,"Charming 1bd with fireplace, rooftop access, and pet-friendly policy"
1,1.0,644.0,Old Town,40.70822752162694,-73.94415344677877,2215,Modern 1bd near transit with central AC and secure entry
4,3.0,,Downtown,40.6945672077693,-74.00307127728821,4081,Spacious 4bd with in-unit laundry and garage parking
4,2.0,1189.0,Downtown,40.71883980836865,-74.00292142133775,4380,Modern 4bd near transit with central AC and secure entry
1,1.0,615.0,Midtown,40.74855114728041,-73.98253775285043,2470,"Cozy 1bd, no pets, hardwood floors"
3,2.0,970.0,Uptown,40.77905862893078,-73.984858705397,3697,Modern 3bd near transit with central AC and secure entry
1,1.0,614.0,Riverside,40.810203159036504,-73.95668366695531,2394,Modern 1bd near transit with central AC and secure entry
2,2.0,800.0,Downtown,40.724186745773004,-74.01330018320039,2588,Spacious 2bd with in-unit laundry and garage parking
3,2.0,975.0,Downtown,40.72695234775232,-74.01192298701594,3384,"Bright 3bd with balcony, dishwasher, and gym access"
3,,1027.0,Midtown,40.76584201585847,-73.9916309519412,3676,Spacious 3bd with in-unit laundry and garage parking
4,3.0,1101.0,Midtown,40.75531221403505,-74.01455413428867,4000,Spacious 4bd with in-unit laundry and garage parking
1,1.0,664.0,Riverside,40.797677041426994,-73.96540692039858,2319,"Cozy 1bd, no pets, hardwood floors"
1,2.0,615.0,Riverside,40.79637940459163,-73.94542574318298,2171,"Family-friendly 1bd with backyard, washer/dryer, and storage"
2,1.0,825.0,Riverside,40.787350406976095,-73.97326297484524,3112,"Bright 2bd with balcony, dishwasher, and gym access"
2,2.0,,Downtown,40.70194152868017,-74.01276532374794,3006,Spacious 2bd with in-unit laundry and garage parking
4,3.0,1223.0,Midtown,40.77037695675529,-73.96776361846808,4296,"Family-friendly 4bd with backyard, washer/dryer, and storage"
4,3.0,1220.0,Old Town,40.72219048866898,-73.94387609051267,4066,Modern 4bd near transit with central AC and secure entry
2,2.0,848.0,Midtown,40.74411445621688,-73.96982457536177,3042,Spacious 2bd with in-unit laundry and garage parking
4,3.0,1109.0,Old Town,40.744052052883,-73.93647178159986,3811,Modern 4bd near transit with central AC and secure entry
2,1.0,843.0,Midtown,40.74124680964432,-74.00117995078547,2989,"Cozy 2bd, no pets, hardwood floors"
3,,,Midtown,40.76004755340462,-73.97890794497864,3199,Modern 3bd near transit with central AC and secure entry
2,2.0,746.0,Riverside,40.776506262339744,-73.97035571892646,2628,"Charming 2bd with fireplace, rooftop access, and pet-friendly policy"
1,1.0,629.0,Midtown,40.77741955067469,-73.98811011047957,2321,"Cozy 1bd, no pets, hardwood floors"
4,3.0,1185.0,Riverside,40.81917565708949,-73.95871144645253,4511,"Family-friendly 4bd with backyard, washer/dryer, and storage"
1,2.0,652.0,Midtown,40.74498864478998,-73.98901205552022,2130,Spacious 1bd with in-unit laundry and garage parking
1,1.0,637.0,Downtown,40.711255669137465,-74.01743013881712,2229,"Bright 1bd with balcony, dishwasher, and gym access"
1,1.0,642.0,Midtown,40.74636158372627,-73.96741877689458,2419,"Charming 1bd with fireplace, rooftop access, and pet-friendly policy"
2,2.0,869.0,Downtown,40.701071672563685,-73.9930587670831,3343,Spacious 2bd with in-unit laundry and garage parking
1,2.0,679.0,Uptown,40.77946218625962,-73.97150767195859,2432,"Charming 1bd with fireplace, rooftop access, and pet-friendly policy"
1,2.0,515.0,Downtown,40.71954213301886,-74.01318270407485,2356,Spacious 1bd with in-unit laundry and garage parking
3,3.0,977.0,Uptown,40.79151485176194,-73.99575715639457,3454,"Bright 3bd with balcony, dishwasher, and gym access"
4,3.0,1163.0,Riverside,40.80657648866097,-73.99612236149486,4050,"Cozy 4bd, no pets, hardwood floors"
1,1.0,,Midtown,40.75527783927962,-73.97524908417618,2288,Spacious 1bd with in-unit laundry and garage parking
2,2.0,814.0,Downtown,40.720267543672705,-74.02158092574754,2905,"Bright 2bd with balcony, dishwasher, and gym access"
3,2.0,1040.0,Midtown,40.74396402724688,-73.99376406448387,3733,Modern 3bd near transit with central AC and secure entry
4,3.0,1127.0,Old Town,40.7328345903483,-73.95958319828051,3794,"Family-friendly 4bd with backyard, washer/dryer, and storage"
3,,1003.0,Uptown,40.78454131708982,-73.9674628475144,3673,"Cozy 3bd, no pets, hardwood floors"
4,3.0,1133.0,Downtown,40.70940355382955,-73.99969614838336,4141,"Bright 4bd with balcony, dishwasher, and gym access"
3,2.0,963.0,Uptown,40.787384689899916,-73.97769985111279,3453,"Cozy 3bd, no pets, hardwood floors"
2,,869.0,Uptown,40.761465727676885,-73.96959904302115,2762,"Family-friendly 2bd with backyard, washer/dryer, and storage"
1,1.0,608.0,Midtown,40.74656309561724,-73.99244011149834,2194,"Cozy 1bd, no pets, hardwood floors"
4,3.0,1188.0,Downtown,40.71854949061556,-73.98899199939879,4389,"Charming 4bd with fireplace, rooftop access, and pet-friendly policy"
4,3.0,1095.0,Riverside,40.80084327851869,-73.95985122196265,4003,"Cozy 4bd, no pets, hardwood floors"
1,2.0,704.0,Downtown,40.69546624790617,-74.00305371702807,2548,Modern 1bd near transit with central AC and secure entry
3,2.0,1014.0,Downtown,40.712081128747876,-73.99124926903248,3492,"Cozy 3bd, no pets, hardwood floors"
1,1.0,623.0,Downtown,40.706314498287654,-74.00889965140595,2391,"Charming 1bd with fireplace, rooftop access, and pet-friendly policy"
3,2.0,1013.0,Uptown,40.7974057736056,-73.97230440550874,3347,"Cozy 3bd, no pets, hardwood floors"
4,3.0,1114.0,Midtown,40.744693903424555,-73.95488040072053,4088,"Charming 4bd with fireplace, rooftop access, and pet-friendly policy"
1,2.0,677.0,Midtown,40.74505688683996,-73.9862764009786,2490,"Charming 1bd with fireplace, rooftop access, and pet-friendly policy"
2,2.0,797.0,Midtown,40.76216025787231,-73.98228858989162,2994,"Bright 2bd with balcony, dishwasher, and gym access"
1,,622.0,Old Town,40.72832307555193,-73.93741712444631,2168,"Bright 1bd with balcony, dishwasher, and gym access"
3,3.0,970.0,Midtown,40.75518081760455,-73.9988912063031,3479,"Bright 3bd with balcony, dishwasher, and gym access"
4,2.0,1147.0,Riverside,40.82710263057307,-73.96913989101256,4185,"Bright 4bd with balcony, dishwasher, and gym access"
1,1.0,658.0,Midtown,40.765163171913876,-73.98951583429218,2376,"Bright 1bd with balcony, dishwasher, and gym access"
2,2.0,820.0,Downtown,40.70854283593174,-74.01146532395204,2969,Spacious 2bd with in-unit laundry and garage parking
4,4.0,1196.0,Riverside,40.78270185054413,-73.96842745368144,4456,"Cozy 4bd, no pets, hardwood floors"
2,2.0,810.0,Old Town,40.72571590814817,-73.92114170588978,2764,"Charming 2bd with fireplace, rooftop access, and pet-friendly policy"
1,1.0,651.0,Midtown,40.74363959858899,-73.99242576613067,2560,"Charming 1bd with fireplace, rooftop access, and pet-friendly policy"
2,1.0,793.0,Riverside,40.79051871439895,-73.94918963527185,2754,Spacious 2bd with in-unit laundry and garage parking
3,2.0,1079.0,Uptown,40.774267098661745,-73.96445240186328,3740,"Family-friendly 3bd with backyard, washer/dryer, and storage"
3,3.0,927.0,Midtown,40.76964193768087,-73.98725347493699,3578,"Cozy 3bd, no pets, hardwood floors"
2,2.0,860.0,Riverside,40.78477826798871,-73.98286984630516,2941,Modern 2bd near transit with central AC and secure entry
4,3.0,1225.0,Old Town,40.74091716877756,-73.9503271282256,3985,Modern 4bd near transit with central AC and secure entry
3,3.0,956.0,Midtown,40.76270431933272,-73.98412781068215,3215,"Charming 3bd with fireplace, rooftop access, and pet-friendly policy"
2,2.0,899.0,Uptown,40.789225589811736,-73.96554098230584,2957,"Family-friendly 2bd with backyard, washer/dryer, and storage"
4,3.0,1210.0,Midtown,40.746795950586986,-73.99720633814817,4282,"Family-friendly 4bd with backyard, washer/dryer, and storage"
4,3.0,1209.0,Downtown,40.721379125609204,-74.01355213532678,4075,"Family-friendly 4bd with backyard, washer/dryer, and storage"
2,3.0,811.0,Riverside,40.768298218095936,-73.9587149364254,2966,Modern 2bd near transit with central AC and secure entry
1,2.0,621.0,Uptown,40.772264864543175,-73.96559436946514,2102,"Bright 1bd with balcony, dishwasher, and gym access"
3,2.0,982.0,Uptown,40.80141386219181,-73.97099885051286,3475,"Bright 3bd with balcony, dishwasher, and gym access"
3,3.0,1006.0,Uptown,40.796649189979966,-73.96935442783357,3371,"Bright 3bd with balcony, dishwasher, and gym access"
1,1.0,686.0,Uptown,40.803749151937694,-73.98394528530508,2399,"Bright 1bd with balcony, dishwasher, and gym access"
3,4.0,997.0,Midtown,40.75790142023501,-73.9774220607395,3491,"Cozy 3bd, no pets, hardwood floors"
4,,1134.0,Riverside,40.79901505891588,-73.95267337204017,3908,"Cozy 4bd, no pets, hardwood floors"
1,2.0,663.0,Uptown,40.77951552552587,-73.94636754618045,2281,Modern 1bd near transit with central AC and secure entry
3,3.0,1027.0,Old Town,40.75606637005127,-73.93181513604527,3410,"Cozy 3bd, no pets, hardwood floors"
1,2.0,656.0,Midtown,40.76463121416426,-73.9711999427725,2209,"Bright 1bd with balcony, dishwasher, and gym access"
3,3.0,1020.0,Midtown,40.74375363121239,-74.00124400017494,3759,"Family-friendly 3bd with backyard, washer/dryer, and storage"
2,,,Downtown,40.72787702696629,-74.00271213832552,2930,"Cozy 2bd, no pets, hardwood floors"
1,2.0,593.0,Midtown,40.755281937048245,-73.98536652036543,1990,Spacious 1bd with in-unit laundry and garage parking
4,3.0,1135.0,Downtown,40.68416750233163,-74.00828674777348,4044,Spacious 4bd with in-unit laundry and garage parking
1,2.0,565.0,Old Town,40.72156343912968,-73.92418314039661,2363,"Family-friendly 1bd with backyard, washer/dryer, and storage"
3,2.0,999.0,Riverside,40.813240369340605,-73.95957983719043,3441,"Charming 3bd with fireplace, rooftop access, and pet-friendly policy"
1,2.0,627.0,Midtown,40.762745503785595,-74.00346816098464,2591,"Family-friendly 1bd with backyard, washer/dryer, and storage"
4,3.0,1152.0,Midtown,40.76508771695997,-73.97794722465372,3997,Spacious 4bd with in-unit laundry and garage parking
3,3.0,872.0,Old Town,40.74554231184523,-73.90978148225084,3416,Modern 3bd near transit with central AC and secure entry
4,3.0,,Downtown,40.69248927191714,-74.01066172190743,4273,"Cozy 4bd, no pets, hardwood floors"
2,3.0,855.0,Riverside,40.79239280035411,-73.96442991373938,3078,"Cozy 2bd, no pets, hardwood floors"
2,3.0,783.0,Midtown,40.75816082229862,-73.98830898487697,2721,"Charming 2bd with fireplace, rooftop access, and pet-friendly policy"
3,3.0,1004.0,Downtown,40.725131252336816,-74.01921697053417,3470,"Family-friendly 3bd with backyard, washer/dryer, and storage"
4,3.0,1114.0,Downtown,40.70030654239129,-74.01829070325317,4285,"Family-friendly 4bd with backyard, washer/dryer, and storage"
4,3.0,1228.0,Riverside,40.79697606895088,-73.98124308259094,4092,Modern 4bd near transit with central AC and secure entry
1,2.0,624.0,Midtown,40.757417142134415,-73.98748588233558,2509,Modern 1bd near transit with central AC and secure entry
3,,1002.0,Old Town,40.72116181863201,-73.92471480495132,3452,"Charming 3bd with fireplace, rooftop access, and pet-friendly policy"
1,1.0,723.0,Downtown,40.71208599366056,-73.99324823163163,2552,Modern 1bd near transit with central AC and secure entry
2,2.0,871.0,Downtown,40.71045940178555,-74.00629033865877,2872,Modern 2bd near transit with central AC and secure entry
4,3.0,1158.0,Riverside,40.794546611143815,-73.96658455848642,4028,Spacious 4bd with in-unit laundry and garage parking
2,2.0,786.0,Downtown,40.72134677567359,-74.01093601078725,2835,"Charming 2bd with fireplace, rooftop access, and pet-friendly policy"
4,2.0,1157.0,Downtown,40.71902094355042,-74.01575296353255,4201,"Family-friendly 4bd with backyard, washer/dryer, and storage"
2,2.0,830.0,Uptown,40.793808606786264,-73.97815886992774,2970,"Bright 2bd with balcony, dishwasher, and gym access"
1,2.0,626.0,Riverside,40.81152015847874,-73.9657682814908,2420,"Cozy 1bd, no pets, hardwood floors"
2,2.0,794.0,Midtown,40.77625144480069,-73.99934881271506,2869,"Charming 2bd with fireplace, rooftop access, and pet-friendly policy"
3,3.0,1049.0,Downtown,40.695085878720256,-74.0133946069517,3531,"Charming 3bd with fireplace, rooftop access, and pet-friendly policy"
4,3.0,1165.0,Riverside,40.78468466862358,-73.98309281873314,4157,"Bright 4bd with balcony, dishwasher, and gym access"
3,3.0,1082.0,Old Town,40.738058609125524,-73.93525014552095,3470,"Cozy 3bd, no pets, hardwood floors"
4,,1174.0,Riverside,40.79554382827955,-73.97114355116766,4302,"Family-friendly 4bd with backyard, washer/dryer, and storage"
4,3.0,1241.0,Old Town,40.723433148028086,-73.91539556998616,4173,Modern 4bd near transit with central AC and secure entry
4,3.0,1184.0,Old Town,40.72177393150829,-73.951065606777,4064,"Charming 4bd with fireplace, rooftop access, and pet-friendly policy"
3,3.0,1029.0,Midtown,40.76755260740984,-73.98808906748017,3678,Modern 3bd near transit with central AC and secure entry
2,1.0,781.0,Midtown,40.78246528426582,-73.99181446766553,2913,Modern 2bd near transit with central AC and secure entry
2,1.0,776.0,Old Town,40.740751810157086,-73.92221363203281,2613,Spacious 2bd with in-unit laundry and garage parking
1,1.0,648.0,Old Town,40.72434397001358,-73.9441150492149,2180,Modern 1bd near transit with central AC and secure entry
2,2.0,850.0,Riverside,40.81019639837117,-73.95960129698503,3162,"Bright 2bd with balcony, dishwasher, and gym access"
4,4.0,1172.0,Uptown,40.76777267879147,-73.98474122763565,4129,"Cozy 4bd, no pets, hardwood floors"
2,3.0,759.0,Midtown,40.727562839940624,-73.97835535775225,2642,"Family-friendly 2bd with backyard, washer/dryer, and storage"
1,1.0,576.0,Uptown,40.78155807368237,-73.9731458050517,2315,"Bright 1bd with balcony, dishwasher, and gym access"
3,3.0,933.0,Uptown,40.76440267082758,-73.98437722823707,3361,"Cozy 3bd, no pets, hardwood floors"
4,,1099.0,Midtown,40.75226449304919,-73.99356790720178,3923,"Charming 4bd with fireplace, rooftop access, and pet-friendly policy"
4,2.0,1174.0,Old Town,40.732014032906214,-73.92819838248042,3928,"Charming 4bd with fireplace, rooftop access, and pet-friendly policy"
2,2.0,855.0,Uptown,40.811935350831426,-73.97144020436036,3139,"Bright 2bd with balcony, dishwasher, and gym access"
2,2.0,809.0,Downtown,40.72618483195716,-74.01595967332376,2703,"Cozy 2bd, no pets, hardwood floors"
3,3.0,900.0,Uptown,40.764600644220295,-73.97542761976052,3274,Spacious 3bd with in-unit laundry and garage parking
1,1.0,622.0,Uptown,40.76552733938551,-73.97102392199396,2343,Modern 1bd near transit with central AC and secure entry
2,2.0,803.0,Riverside,40.79193455050589,-73.98995125664105,3177,Modern 2bd near transit with central AC and secure entry
1,1.0,,Midtown,40.77883230175033,-73.99195074055727,2567,Modern 1bd near transit with central AC and secure entry
4,3.0,1112.0,Uptown,40.76504856836467,-73.9604219385139,3909,"Family-friendly 4bd with backyard, washer/dryer, and storage"
3,3.0,974.0,Uptown,40.77595662764953,-73.95811800759571,3730,"Bright 3bd with balcony, dishwasher, and gym access"
4,3.0,1238.0,Uptown,40.77589926798387,-73.97769077228315,4003,"Family-friendly 4bd with backyard, washer/dryer, and storage"
4,3.0,1188.0,Downtown,40.71693798051373,-73.99888136743155,4249,Modern 4bd near transit with central AC and secure entry
4,3.0,1193.0,Riverside,40.810521804848086,-73.96757689366474,4239,"Family-friendly 4bd with backyard, washer/dryer, and storage"
1,2.0,635.0,Riverside,40.807643400658655,-73.95755245671691,2231,"Family-friendly 1bd with backyard, washer/dryer, and storage"
4,4.0,1183.0,Uptown,40.787106829662804,-73.97291189735917,4237,Spacious 4bd with in-unit laundry and garage parking
1,2.0,661.0,Uptown,40.76735646062123,-73.96400991011863,2300,Modern 1bd near transit with central AC and secure entry
2,2.0,778.0,Downtown,40.71330608438969,-74.01096339022821,3059,"Charming 2bd with fireplace, rooftop access, and pet-friendly policy"
3,3.0,1025.0,Uptown,40.8000331963631,-73.98833400359496,3293,Modern 3bd near transit with central AC and secure entry
2,2.0,755.0,Midtown,40.77772843578438,-73.98576727934362,2940,Modern 2bd near transit with central AC and secure entry
1,2.0,643.0,Old Town,40.73441021814204,-73.93994052937435,2270,Modern 1bd near transit with central AC and secure entry
1,1.0,637.0,Downtown,40.69279512504972,-74.0076753187816,2588,Modern 1bd near transit with central AC and secure entry
4,2.0,1145.0,Old Town,40.734616938882716,-73.92708529464316,4054,"Bright 4bd with balcony, dishwasher, and gym access"
2,2.0,809.0,Midtown,40.75562360161874,-74.01181047809446,3150,"Charming 2bd with fireplace, rooftop access, and pet-friendly policy"
2,2.0,785.0,Old Town,40.71210006386501,-73.91057576451483,2950,Spacious 2bd with in-unit laundry and garage parking
4,3.0,1127.0,Uptown,40.771589568194734,-73.95407540650112,4038,"Family-friendly 4bd with backyard, washer/dryer, and storage"
1,2.0,616.0,Midtown,40.74679095915099,-73.98768947091673,2470,Spacious 1bd with in-unit laundry and garage parking
4,3.0,1126.0,Midtown,40.7655024991152,-73.99534233335898,4209,"Cozy 4bd, no pets, hardwood floors"
4,3.0,1183.0,Riverside,40.82040658162911,-73.96559125970317,4224,Modern 4bd near transit with central AC and secure entry
3,3.0,944.0,Uptown,40.7902302101556,-73.97441128409622,3116,Modern 3bd near transit with central AC and secure entry
1,1.0,658.0,Downtown,40.72070464344421,-73.9870544871218,2297,"Charming 1bd with fireplace, rooftop access, and pet-friendly policy"
1,2.0,583.0,Midtown,40.75642456874852,-73.96474344651101,2514,"Cozy 1bd, no pets, hardwood floors"
2,2.0,787.0,Midtown,40.750660850299454,-73.97633084752778,2745,Spacious 2bd with in-unit laundry and garage parking
3,3.0,965.0,Old Town,40.73646937203492,-73.94802298487218,3599,"Cozy 3bd, no pets, hardwood floors"
1,2.0,683.0,Uptown,40.78726571645565,-73.97111160874579,2513,Modern 1bd near transit with central AC and secure entry
2,1.0,823.0,Downtown,40.70256169388468,-74.00170397078968,2907,"Bright 2bd with balcony, dishwasher, and gym access"
1,2.0,622.0,Uptown,40.7864554745533,-73.97207104336768,2025,"Cozy 1bd, no pets, hardwood floors"
3,3.0,1010.0,Old Town,40.7297770703713,-73.93628012310708,3442,"Charming 3bd with fireplace, rooftop access, and pet-friendly policy"
1,1.0,546.0,Old Town,40.726187604545046,-73.93352199085982,2512,Modern 1bd near transit with central AC and secure entry
3,3.0,988.0,Downtown,40.70507302945163,-73.97411828610235,3460,"Family-friendly 3bd with backyard, washer/dryer, and storage"
1,2.0,710.0,Midtown,40.74108800105442,-73.99251683292681,2359,"Family-friendly 1bd with backyard, washer/dryer, and storage"
1,1.0,635.0,Midtown,40.75193109474508,-73.9610140790281,2228,"Bright 1bd with balcony, dishwasher, and gym access"
1,2.0,633.0,Downtown,40.69695838420027,-74.00088893242416,2591,"Family-friendly 1bd with backyard, washer/dryer, and storage"
4,2.0,1192.0,Midtown,40.76098072878056,-73.9814967723439,4143,"Charming 4bd with fireplace, rooftop access, and pet-friendly policy"
1,1.0,666.0,Downtown,40.727636117951334,-73.99141004768303,2360,"Family-friendly 1bd with backyard, washer/dryer, and storage"
2,2.0,730.0,Downtown,40.70738851808176,-74.00367179060608,3103,"Cozy 2bd, no pets, hardwood floors"
3,,923.0,Old Town,40.708230775614176,-73.93401088389773,3497,"Family-friendly 3bd with backyard, washer/dryer, and storage"
3,2.0,998.0,Midtown,40.74847212686602,-73.98773658911153,3430,"Cozy 3bd, no pets, hardwood floors"
3,3.0,961.0,Old Town,40.710375537622205,-73.93034153255937,3278,Spacious 3bd with in-unit laundry and garage parking
4,3.0,1222.0,Downtown,40.692441175653094,-74.0042205847185,4429,"Bright 4bd with balcony, dishwasher, and gym access"
2,2.0,797.0,Uptown,40.76998193288373,-73.98139569242163,2914,Modern 2bd near transit with central AC and secure entry
4,,1093.0,Midtown,40.77185678523055,-73.97844498464904,3813,"Bright 4bd with balcony, dishwasher, and gym access"
2,2.0,759.0,Old Town,40.74439043765205,-73.91648327440998,2572,"Cozy 2bd, no pets, hardwood floors"
4,3.0,1060.0,Old Town,40.72132593551432,-73.91721234005071,3778,"Cozy 4bd, no pets, hardwood floors"
3,2.0,981.0,Midtown,40.740413932125854,-73.97654679598546,3358,"Charming 3bd with fireplace, rooftop access, and pet-friendly policy"
3,2.0,982.0,Uptown,40.7787799474248,-73.98236360171167,3204,"Cozy 3bd, no pets, hardwood floors"
4,3.0,1153.0,Midtown,40.76537363840766,-73.97416058169797,3962,"Family-friendly 4bd with backyard, washer/dryer, and storage"
4,4.0,1213.0,Uptown,40.79568322063976,-73.96862168133326,4035,"Cozy 4bd, no pets, hardwood floors"
4,3.0,1218.0,Downtown,40.714383487615954,-73.9996776009716,4180,Spacious 4bd with in-unit laundry and garage parking
3,2.0,983.0,Midtown,40.761645168906206,-73.97900372992497,3801,Spacious 3bd with in-unit laundry and garage parking
1,,545.0,Downtown,40.71524799353333,-73.99588659410593,2250,"Cozy 1bd, no pets, hardwood floors"
2,2.0,835.0,Riverside,40.78177350632139,-73.96807528170103,2958,"Charming 2bd with fireplace, rooftop access, and pet-friendly policy"
1,2.0,652.0,Midtown,40.741393842073855,-73.98217957578875,2477,"Bright 1bd with balcony, dishwasher, and gym access"
4,3.0,,Uptown,40.80440316211025,-73.97688901738336,4096,"Family-friendly 4bd with backyard, washer/dryer, and storage"
1,2.0,669.0,Midtown,40.75952702436357,-73.97642215942095,2484,"Charming 1bd with fireplace, rooftop access, and pet-friendly policy"
1,,583.0,Midtown,40.73318732481881,-73.99176532578574,2350,Spacious 1bd with in-unit laundry and garage parking
1,2.0,710.0,Downtown,40.717174187911276,-74.04076393670789,2532,Spacious 1bd with in-unit laundry and garage parking
3,2.0,952.0,Riverside,40.7895782980831,-73.95328970431942,3906,"Charming 3bd with fireplace, rooftop access, and pet-friendly policy"
3,3.0,1020.0,Old Town,40.74263596280541,-73.93070818127156,3678,Modern 3bd near transit with central AC and secure entry
4,3.0,1103.0,Downtown,40.72338637167932,-74.00341874918695,3931,Modern 4bd near transit with central AC and secure entry
2,2.0,773.0,Old Town,40.73726473888931,-73.93898784450609,2913,"Bright 2bd with balcony, dishwasher, and gym access"
2,2.0,871.0,Midtown,40.75938975219507,-73.993088444637,2927,"Family-friendly 2bd with backyard, washer/dryer, and storage"
1,2.0,620.0,Downtown,40.72796180013019,-73.98774128708597,2458,Modern 1bd near transit with central AC and secure entry
1,2.0,664.0,Uptown,40.80125895360837,-73.97609730514013,2175,"Cozy 1bd, no pets, hardwood floors"
2,2.0,819.0,Downtown,40.70135471152762,-73.990676316071,2845,Modern 2bd near transit with central AC and secure entry
4,3.0,1166.0,Downtown,40.7193268864311,-74.00205698790171,4230,Spacious 4bd with in-unit laundry and garage parking
3,,,Old Town,40.72299641498066,-73.93009203424835,3724,"Cozy 3bd, no pets, hardwood floors"
4,3.0,1161.0,Midtown,40.744976663284056,-73.97789125172706,4212,"Cozy 4bd, no pets, hardwood floors"
1,,559.0,Riverside,40.817846640395274,-73.9469274534731,2388,"Family-friendly 1bd with backyard, washer/dryer, and storage"
1,2.0,598.0,Old Town,40.73910228864932,-73.95178425859545,2327,"Family-friendly 1bd with backyard, washer/dryer, and storage"
4,3.0,1192.0,Riverside,40.80366796157135,-73.9408238190713,4191,Spacious 4bd with in-unit laundry and garage parking
1,2.0,646.0,Uptown,40.774276660914694,-73.97191017887492,2281,"Charming 1bd with fireplace, rooftop access, and pet-friendly policy"
1,1.0,567.0,Riverside,40.81826229222161,-73.95909439293511,2394,"Family-friendly 1bd with backyard, washer/dryer, and storage"
2,1.0,781.0,Midtown,40.78776187589382,-73.99429443259875,3078,"Bright 2bd with balcony, dishwasher, and gym access"
4,3.0,1147.0,Uptown,40.77282293057111,-73.95651049476997,4074,"Cozy 4bd, no pets, hardwood floors"
3,2.0,,Uptown,40.77034945646074,-73.9735612158658,3484,"Bright 3bd with balcony, dishwasher, and gym access"
1,2.0,,Riverside,40.80051224146168,-73.95406812631937,2521,Modern 1bd near transit with central AC and secure entry
4,,1145.0,Downtown,40.720171215616304,-74.00051522102987,4148,Modern 4bd near transit with central AC and secure entry
4,3.0,1141.0,Uptown,40.77987082946518,-73.95661995177102,4087,"Bright 4bd with balcony, dishwasher, and gym access"
4,3.0,1201.0,Old Town,40.77890988851273,-73.92690461481293,4208,Spacious 4bd with in-unit laundry and garage parking
4,3.0,1202.0,Midtown,40.75919606649057,-74.00107435565191,4179,Modern 4bd near transit with central AC and secure entry
1,1.0,624.0,Riverside,40.79365022260819,-73.96906452280736,2226,"Family-friendly 1bd with backyard, washer/dryer, and storage"
4,3.0,1154.0,Midtown,40.7515847971168,-73.98569293401432,4185,"Cozy 4bd, no pets, hardwood floors"
2,2.0,816.0,Downtown,40.73413619292169,-73.99103399699158,3000,Modern 2bd near transit with central AC and secure entry
4,2.0,1137.0,Uptown,40.78279400740238,-73.98569935933598,4347,Modern 4bd near transit with central AC and secure entry
3,2.0,944.0,Midtown,40.77404841171483,-73.98608865128153,3613,Modern 3bd near transit with central AC and secure entry
4,4.0,1132.0,Downtown,40.692081994892774,-73.99745083857809,4044,Spacious 4bd with in-unit laundry and garage parking
3,3.0,965.0,Downtown,40.7251082402108,-74.03511090085922,3667,"Cozy 3bd, no pets, hardwood floors"
3,,943.0,Downtown,40.70290534429441,-74.00732544813569,3575,"Bright 3bd with balcony, dishwasher, and gym access"
3,2.0,996.0,Old Town,40.73941413093571,-73.94138895901548,3706,"Charming 3bd with fireplace, rooftop access, and pet-friendly policy"
4,3.0,1199.0,Riverside,40.791314297176314,-73.95777396900384,4096,"Family-friendly 4bd with backyard, washer/dryer, and storage"
3,3.0,927.0,Uptown,40.77908013152023,-73.96469534419342,3464,"Charming 3bd with fireplace, rooftop access, and pet-friendly policy"
1,2.0,631.0,Downtown,40.69946181214031,-74.02222799623084,2392,"Bright 1bd with balcony, dishwasher, and gym access"
4,3.0,1161.0,Uptown,40.79376322989084,-73.96816976107618,4111,"Cozy 4bd, no pets, hardwood floors"
3,3.0,1004.0,Riverside,40.812369468798835,-73.97289111601106,3428,"Bright 3bd with balcony, dishwasher, and gym access"
2,2.0,809.0,Old Town,40.721058736370246,-73.9188713733495,2993,"Family-friendly 2bd with backyard, washer/dryer, and storage"
3,2.0,932.0,Midtown,40.73972449483207,-73.97048247148983,3541,Modern 3bd near transit with central AC and secure entry
4,2.0,1120.0,Downtown,40.72864605648979,-73.99567892582881,4309,Modern 4bd near transit with central AC and secure entry
4,3.0,1171.0,Riverside,40.79304630979587,-73.9762982860407,4136,"Bright 4bd with balcony, dishwasher, and gym access"
4,3.0,,Riverside,40.79877933072402,-73.98204047612197,4129,"Family-friendly 4bd with backyard, washer/dryer, and storage"
2,2.0,721.0,Downtown,40.701259672014956,-73.9982631885019,2997,"Charming 2bd with fireplace, rooftop access, and pet-friendly policy"
4,2.0,,Riverside,40.80909218937069,-73.97909489791842,4035,"Family-friendly 4bd with backyard, washer/dryer, and storage"
2,2.0,858.0,Downtown,40.7209134632236,-74.00054836033112,3225,"Bright 2bd with balcony, dishwasher, and gym access"
3,3.0,984.0,Downtown,40.73091863505493,-73.99917036269758,3746,"Charming 3bd with fireplace, rooftop access, and pet-friendly policy"
3,,1012.0,Old Town,40.74330297264481,-73.92947506890883,3719,"Charming 3bd with fireplace, rooftop access, and pet-friendly policy"
1,1.0,602.0,Uptown,40.79645914931637,-73.9866454058788,2354,"Family-friendly 1bd with backyard, washer/dryer, and storage"
2,2.0,805.0,Midtown,40.75653906651467,-73.98596779321873,2884,"Charming 2bd with fireplace, rooftop access, and pet-friendly policy"
1,2.0,565.0,Riverside,40.798375000636774,-73.96117336043619,2285,"Cozy 1bd, no pets, hardwood floors"
1,1.0,536.0,Riverside,40.808912555853944,-73.96179291507514,2287,"Bright 1bd with balcony, dishwasher, and gym access"
2,2.0,848.0,Downtown,40.71067667342535,-74.01482876095814,2965,"Cozy 2bd, no pets, hardwood floors"
2,2.0,771.0,Uptown,40.797866232889874,-73.96700320620063,3075,"Bright 2bd with balcony, dishwasher, and gym access"
1,1.0,612.0,Old Town,40.71837663369921,-73.93752425049979,2377,"Family-friendly 1bd with backyard, washer/dryer, and storage"
2,2.0,755.0,Uptown,40.763780403867514,-73.97077555262783,2720,"Family-friendly 2bd with backyard, washer/dryer, and storage"
3,3.0,934.0,Riverside,40.79891944068881,-73.97339360340426,3749,Spacious 3bd with in-unit laundry and garage parking
1,2.0,623.0,Old Town,40.749615202277646,-73.9490738494345,2320,"Family-friendly 1bd with backyard, washer/dryer, and storage"
2,2.0,781.0,Downtown,40.72127671542019,-73.97975950206882,2795,"Cozy 2bd, no pets, hardwood floors"
2,2.0,825.0,Downtown,40.7257272148446,-74.00637846538517,2894,"Cozy 2bd, no pets, hardwood floors"
3,4.0,1008.0,Riverside,40.787691176326916,-73.98284474611901,3790,Modern 3bd near transit with central AC and secure entry
2,2.0,823.0,Riverside,40.79636137966051,-73.97474400880697,3241,"Cozy 2bd, no pets, hardwood floors"
3,2.0,1000.0,Downtown,40.704165437092506,-74.00991576146565,3756,"Charming 3bd with fireplace, rooftop access, and pet-friendly policy"
2,1.0,873.0,Downtown,40.711573034885376,-74.00017745662825,3282,Spacious 2bd with in-unit laundry and garage parking
2,3.0,767.0,Old Town,40.715746445366456,-73.9433869255536,3032,Spacious 2bd with in-unit laundry and garage parking
2,2.0,808.0,Downtown,40.71088393500613,-74.00834582232108,3079,"Family-friendly 2bd with backyard, washer/dryer, and storage"
1,3.0,675.0,Downtown,40.734837084488966,-74.00321304088732,2516,"Cozy 1bd, no pets, hardwood floors"
3,2.0,1041.0,Riverside,40.781936922256484,-73.96148182366096,3692,"Family-friendly 3bd with backyard, washer/dryer, and storage"
1,2.0,573.0,Old Town,40.73714796467293,-73.93670153633893,2348,"Family-friendly 1bd with backyard, washer/dryer, and storage"
2,2.0,798.0,Riverside,40.786739239907085,-73.94540334365624,2821,"Cozy 2bd, no pets, hardwood floors"
4,3.0,1224.0,Old Town,40.71776139303703,-73.927270733523,4277,Modern 4bd near transit with central AC and secure entry
4,2.0,1190.0,Midtown,40.76040060634877,-73.97829027341164,4396,Modern 4bd near transit with central AC and secure entry
3,3.0,998.0,Riverside,40.82178229509,-73.9597603335343,3522,Spacious 3bd with in-unit laundry and garage parking
4,3.0,1161.0,Midtown,40.75129602927548,-73.97222809269847,4091,"Family-friendly 4bd with backyard, washer/dryer, and storage"
4,3.0,1155.0,Midtown,40.75042680659947,-73.98353730386326,4200,"Charming 4bd with fireplace, rooftop access, and pet-friendly policy"
2,2.0,822.0,Riverside,40.78578299670381,-73.97889937472804,2868,"Charming 2bd with fireplace, rooftop access, and pet-friendly policy"
4,3.0,1160.0,Old Town,40.73121664004524,-73.93078295949702,3882,Spacious 4bd with in-unit laundry and garage parking
2,2.0,808.0,Riverside,40.78087131252771,-73.960532551584,3119,"Cozy 2bd, no pets, hardwood floors"
2,2.0,813.0,Downtown,40.702966852280824,-73.99064374381194,2935,"Family-friendly 2bd with backyard, washer/dryer, and storage"
3,2.0,963.0,Riverside,40.797076426854105,-73.97998346723459,3509,"Cozy 3bd, no pets, hardwood floors"
4,,1191.0,Uptown,40.78560965469551,-73.98219482001294,4052,Modern 4bd near transit with central AC and secure entry
4,4.0,1287.0,Old Town,40.7458273416972,-73.9351936375096,4442,"Bright 4bd with balcony, dishwasher, and gym access"
2,2.0,739.0,Riverside,40.79947988052288,-73.95939838777282,2982,"Cozy 2bd, no pets, hardwood floors"
3,3.0,1003.0,Midtown,40.7459406307296,-74.00096984386394,3538,Modern 3bd near transit with central AC and secure entry
1,1.0,600.0,Old Town,40.735500218953305,-73.94839604849611,2096,"Cozy 1bd, no pets, hardwood floors"
4,3.0,1193.0,Old Town,40.71739987815501,-73.92515892762535,4073,Spacious 4bd with in-unit laundry and garage parking
3,2.0,992.0,Old Town,40.73690076931981,-73.95024595450943,3589,Modern 3bd near transit with central AC and secure entry
3,2.0,1020.0,Riverside,40.7938703674847,-73.97734477867135,3612,"Cozy 3bd, no pets, hardwood floors"
4,3.0,1217.0,Old Town,40.75191583157649,-73.92432787486915,4173,"Cozy 4bd, no pets, hardwood floors"
3,2.0,998.0,Downtown,40.70774986184794,-73.99908566372788,3634,"Family-friendly 3bd with backyard, washer/dryer, and storage"
1,2.0,675.0,Downtown,40.69652576576883,-74.01407175381428,2580,Modern 1bd near transit with central AC and secure entry
2,2.0,716.0,Riverside,40.8025583591913,-73.96107323101025,2817,Modern 2bd near transit with central AC and secure entry
1,1.0,694.0,Riverside,40.800130490493835,-73.96352383787142,2510,Spacious 1bd with in-unit laundry and garage parking
3,,1005.0,Riverside,40.80224003751943,-73.96846292882427,3415,Spacious 3bd with in-unit laundry and garage parking
1,2.0,673.0,Downtown,40.70924625289371,-74.01111517847214,2847,"Bright 1bd with balcony, dishwasher, and gym access"
1,2.0,581.0,Midtown,40.76078325010354,-73.9805702129296,2262,"Bright 1bd with balcony, dishwasher, and gym access"
3,3.0,957.0,Old Town,40.732980310007825,-73.94934316460001,3486,"Bright 3bd with balcony, dishwasher, and gym access"
3,2.0,996.0,Old Town,40.718612865786284,-73.93041341832861,3593,Spacious 3bd with in-unit laundry and garage parking
3,2.0,989.0,Downtown,40.73046007960805,-74.00417101446129,3529,"Charming 3bd with fireplace, rooftop access, and pet-friendly policy"
4,3.0,1181.0,Uptown,40.779759979050276,-73.96850791453468,4131,"Bright 4bd with balcony, dishwasher, and gym access"
4,2.0,1213.0,Downtown,40.69915814292984,-73.99029268212156,4242,"Family-friendly 4bd with backyard, washer/dryer, and storage"
1,1.0,559.0,Uptown,40.786939129734094,-73.97923348655853,2103,"Bright 1bd with balcony, dishwasher, and gym access"
4,4.0,1209.0,Midtown,40.755998454406885,-73.99182443478476,4268,"Bright 4bd with balcony, dishwasher, and gym access"
3,3.0,990.0,Downtown,40.72854003972181,-74.00842688107336,3345,Spacious 3bd with in-unit laundry and garage parking
3,2.0,982.0,Downtown,40.71466438895339,-73.99911528252018,3843,"Family-friendly 3bd with backyard, washer/dryer, and storage"
1,1.0,571.0,Riverside,40.79241080075482,-73.96417548640638,2396,Spacious 1bd with in-unit laundry and garage parking
3,3.0,1010.0,Old Town,40.733893226832734,-73.95384894585224,3624,"Family-friendly 3bd with backyard, washer/dryer, and storage"
3,2.0,893.0,Riverside,40.80433235786533,-73.96704914477931,3152,"Charming 3bd with fireplace, rooftop access, and pet-friendly policy"
3,2.0,1016.0,Uptown,40.78625959550539,-73.97077244343811,3438,"Bright 3bd with balcony, dishwasher, and gym access"
1,1.0,570.0,Midtown,40.7611100384754,-73.96945188129189,2498,"Charming 1bd with fireplace, rooftop access, and pet-friendly policy"
3,2.0,992.0,Midtown,40.74384591105498,-73.989605828026,4182,"Family-friendly 3bd with backyard, washer/dryer, and storage"
4,4.0,1165.0,Uptown,40.79269942354755,-73.96542888958726,4287,Spacious 4bd with in-unit laundry and garage parking
3,2.0,1037.0,Midtown,40.763512866640106,-73.95245707341192,3775,"Cozy 3bd, no pets, hardwood floors"
1,2.0,623.0,Old Town,40.737969626289406,-73.92162874644494,2384,Modern 1bd near transit with central AC and secure entry
4,3.0,1142.0,Old Town,40.72691513529377,-73.94711494848676,3929,"Family-friendly 4bd with backyard, washer/dryer, and storage"
4,4.0,1150.0,Riverside,40.79752819084919,-73.95795647794388,4257,Spacious 4bd with in-unit laundry and garage parking
1,2.0,681.0,Midtown,40.762881934257955,-73.98066098355281,2274,"Family-friendly 1bd with backyard, washer/dryer, and storage"
4,3.0,1191.0,Uptown,40.78212786735843,-73.97568563142575,3962,"Family-friendly 4bd with backyard, washer/dryer, and storage"
2,,795.0,Midtown,40.755841713068484,-73.97680629459802,2752,Spacious 2bd with in-unit laundry and garage parking
3,3.0,981.0,Downtown,40.72288872913805,-74.01807489979606,3725,"Charming 3bd with fireplace, rooftop access, and pet-friendly policy"
2,2.0,747.0,Old Town,40.73974811071318,-73.94300865476907,2814,Modern 2bd near transit with central AC and secure entry
4,3.0,1186.0,Uptown,40.79032705982209,-73.97350358890955,4151,Modern 4bd near transit with central AC and secure entry
4,4.0,1100.0,Old Town,40.74938946259087,-73.94021689554776,3996,Spacious 4bd with in-unit laundry and garage parking
4,3.0,1200.0,Downtown,40.71494334209074,-73.99872088210928,4056,Modern 4bd near transit with central AC and secure entry
4,3.0,,Riverside,40.790812493798526,-73.96737428466513,4042,"Bright 4bd with balcony, dishwasher, and gym access"
4,3.0,1265.0,Riverside,40.79810098138452,-73.97266576180087,4171,"Bright 4bd with balcony, dishwasher, and gym access"
1,2.0,586.0,Uptown,40.7794233239822,-73.95785582482236,2065,"Family-friendly 1bd with backyard, washer/dryer, and storage"
2,2.0,806.0,Riverside,40.79411739118287,-73.95970310540794,2868,"Cozy 2bd, no pets, hardwood floors"
3,3.0,1062.0,Midtown,40.761775140024376,-74.0022637613893,3491,Spacious 3bd with in-unit laundry and garage parking
3,2.0,1038.0,Old Town,40.73683003326112,-73.95216215851708,3651,"Bright 3bd with balcony, dishwasher, and gym access"
1,1.0,602.0,Riverside,40.80883710193798,-73.97258629971756,2418,"Family-friendly 1bd with backyard, washer/dryer, and storage"
1,2.0,639.0,Old Town,40.73070040703908,-73.9507313593955,2133,Spacious 1bd with in-unit laundry and garage parking
3,2.0,990.0,Old Town,40.73206858788326,-73.92407659498434,3456,"Charming 3bd with fireplace, rooftop access, and pet-friendly policy"
3,,1001.0,Uptown,40.77501641486373,-73.97848600503373,3815,"Family-friendly 3bd with backyard, washer/dryer, and storage"
1,2.0,602.0,Old Town,40.73605545228281,-73.92944458011623,2130,"Charming 1bd with fireplace, rooftop access, and pet-friendly policy"
1,2.0,626.0,Old Town,40.7013898484191,-73.9110151236346,2374,"Bright 1bd with balcony, dishwasher, and gym access"
1,2.0,566.0,Downtown,40.719142641802584,-73.99763697605056,2335,Spacious 1bd with in-unit laundry and garage parking
3,3.0,995.0,Downtown,40.71107751464006,-74.02826424210262,3763,"Cozy 3bd, no pets, hardwood floors"
1,1.0,648.0,Old Town,40.738696664735,-73.94198225633876,2383,Modern 1bd near transit with central AC and secure entry
3,2.0,981.0,Uptown,40.7912271803302,-73.97382561284314,3445,Modern 3bd near transit with central AC and secure entry
2,3.0,745.0,Uptown,40.7875564725494,-73.9804999565769,2851,"Family-friendly 2bd with backyard, washer/dryer, and storage"
2,2.0,850.0,Riverside,40.811672667312145,-73.98076054847348,3015,"Family-friendly 2bd with backyard, washer/dryer, and storage"
3,3.0,1005.0,Old Town,40.75754683310407,-73.90834461638015,3506,"Family-friendly 3bd with backyard, washer/dryer, and storage"
3,2.0,961.0,Midtown,40.7775923950256,-73.97019425217071,3319,Modern 3bd near transit with central AC and secure entry
3,3.0,979.0,Midtown,40.7569854197012,-73.97150143953104,3728,Spacious 3bd with in-unit laundry and garage parking
4,3.0,1110.0,Uptown,40.78354588202069,-73.98984221050694,4193,Modern 4bd near transit with central AC and secure entry
4,3.0,1129.0,Old Town,40.74863841696837,-73.92165410644492,3881,"Family-friendly 4bd with backyard, washer/dryer, and storage"
4,3.0,1148.0,Uptown,40.78432393070813,-73.98590221108797,4040,"Charming 4bd with fireplace, rooftop access, and pet-friendly policy"
3,,1039.0,Uptown,40.77766559188105,-73.99305374701865,3554,"Charming 3bd with fireplace, rooftop access, and pet-friendly policy"
2,2.0,784.0,Old Town,40.74194097023142,-73.95443970760236,2699,Spacious 2bd with in-unit laundry and garage parking
1,2.0,656.0,Old Town,40.734041970441766,-73.94532432017336,2069,"Bright 1bd with balcony, dishwasher, and gym access"
3,2.0,968.0,Riverside,40.78417955866001,-73.96363973888066,3413,Modern 3bd near transit with central AC and secure entry
1,2.0,640.0,Downtown,40.70879440737626,-73.9959417307349,2365,"Cozy 1bd, no pets, hardwood floors"
4,4.0,1164.0,Old Town,40.71538873677526,-73.94428777574568,3870,"Bright 4bd with balcony, dishwasher, and gym access"
4,4.0,1205.0,Uptown,40.75604829349811,-73.99741216018793,4188,Spacious 4bd with in-unit laundry and garage parking
1,2.0,609.0,Downtown,40.734378308919744,-73.9809968210708,2551,"Cozy 1bd, no pets, hardwood floors"
4,3.0,1107.0,Old Town,40.73171271446269,-73.94508594519087,4135,Spacious 4bd with in-unit laundry and garage parking
1,1.0,575.0,Old Town,40.72701861289412,-73.92471710957015,2221,"Charming 1bd with fireplace, rooftop access, and pet-friendly policy"
3,2.0,969.0,Uptown,40.778527331762135,-73.96834839359549,3217,"Charming 3bd with fireplace, rooftop access, and pet-friendly policy"
1,,580.0,Old Town,40.730446927394226,-73.94202575204099,2354,"Bright 1bd with balcony, dishwasher, and gym access"
2,2.0,,Midtown,40.7516856870481,-73.98198014953978,3008,Spacious 2bd with in-unit laundry and garage parking
3,2.0,971.0,Downtown,40.701077342363355,-74.00057924785251,3630,"Bright 3bd with balcony, dishwasher, and gym access"
3,2.0,1085.0,Midtown,40.75234105248421,-73.98397159234422,3975,"Bright 3bd with balcony, dishwasher, and gym access"
2,2.0,740.0,Midtown,40.77460755079402,-73.98751830454273,2746,"Cozy 2bd, no pets, hardwood floors"
4,2.0,1178.0,Old Town,40.741637652082304,-73.9567043942706,3673,Modern 4bd near transit with central AC and secure entry
4,3.0,1125.0,Riverside,40.79565564383631,-73.96616773654708,3917,"Charming 4bd with fireplace, rooftop access, and pet-friendly policy"
1,1.0,610.0,Old Town,40.75367996815048,-73.95871942499912,2361,"Charming 1bd with fireplace, rooftop access, and pet-friendly policy"
3,2.0,996.0,Downtown,40.711645481657285,-73.988519733789,3603,"Charming 3bd with fireplace, rooftop access, and pet-friendly policy"
3,2.0,897.0,Midtown,40.7485797551368,-73.98805406572511,3249,"Family-friendly 3bd with backyard, washer/dryer, and storage"
2,2.0,819.0,Downtown,40.71678086782067,-74.00378589735533,2798,Spacious 2bd with in-unit laundry and garage parking
3,2.0,1066.0,Old Town,40.74938924570546,-73.92981831427912,3550,Modern 3bd near transit with central AC and secure entry
4,3.0,1152.0,Midtown,40.77393327474617,-73.98982010028772,3938,Modern 4bd near transit with central AC and secure entry
4,3.0,1180.0,Uptown,40.775813695065,-73.97390867831623,4207,Spacious 4bd with in-unit laundry and garage parking
4,3.0,1211.0,Old Town,40.716690762879594,-73.92939785964548,4087,Spacious 4bd with in-unit laundry and garage parking
3,2.0,983.0,Old Town,40.72596946264694,-73.94326146679973,3398,Modern 3bd near transit with central AC and secure entry
2,2.0,787.0,Midtown,40.763983900915456,-73.9992245893357,2818,"Family-friendly 2bd with backyard, washer/dryer, and storage"
4,3.0,1079.0,Midtown,40.76724602656627,-73.9912400486619,4066,"Cozy 4bd, no pets, hardwood floors"
2,2.0,836.0,Old Town,40.744509157329134,-73.93991285093875,2949,"Bright 2bd with balcony, dishwasher, and gym access"
3,3.0,985.0,Uptown,40.7922829159987,-73.96904525151471,3546,Spacious 3bd with in-unit laundry and garage parking
2,2.0,769.0,Downtown,40.72172682248458,-74.00468063729423,2971,Spacious 2bd with in-unit laundry and garage parking
2,2.0,815.0,Riverside,40.78133923105188,-73.95439447752909,2946,Modern 2bd near transit with central AC and secure entry
1,2.0,607.0,Uptown,40.7836478049305,-73.96172580707174,2149,Modern 1bd near transit with central AC and secure entry
4,3.0,1149.0,Uptown,40.79298295772243,-73.98047955777213,3976,"Family-friendly 4bd with backyard, washer/dryer, and storage"
1,2.0,654.0,Downtown,40.7018224551379,-73.99813573878261,2379,"Charming 1bd with fireplace, rooftop access, and pet-friendly policy"
1,2.0,576.0,Midtown,40.75436101164708,-73.9742628486464,2608,"Cozy 1bd, no pets, hardwood floors"
4,3.0,,Midtown,40.75586158868565,-73.97321908267062,4004,"Bright 4bd with balcony, dishwasher, and gym access"
3,3.0,934.0,Midtown,40.763079653810514,-73.98204430007543,3418,"Charming 3bd with fireplace, rooftop access, and pet-friendly policy"
2,2.0,783.0,Uptown,40.780211865615115,-73.96841086863125,2907,Spacious 2bd with in-unit laundry and garage parking
3,3.0,1067.0,Uptown,40.79901423257943,-73.97185058550396,3580,"Family-friendly 3bd with backyard, washer/dryer, and storage"
2,2.0,855.0,Riverside,40.8076740933242,-73.965943679085,3171,"Charming 2bd with fireplace, rooftop access, and pet-friendly policy"
1,2.0,634.0,Riverside,40.80279524851294,-73.94581907091674,2315,Spacious 1bd with in-unit laundry and garage parking
3,3.0,952.0,Downtown,40.727220760372475,-74.00504715421765,3506,Spacious 3bd with in-unit laundry and garage parking
1,2.0,609.0,Downtown,40.715373449055235,-74.01442244604262,2499,"Family-friendly 1bd with backyard, washer/dryer, and storage"
3,,993.0,Old Town,40.728524341444825,-73.93148722654941,3776,"Bright 3bd with balcony, dishwasher, and gym access"
4,3.0,1172.0,Riverside,40.811507363074824,-73.95750934923707,4349,"Charming 4bd with fireplace, rooftop access, and pet-friendly policy"
4,3.0,1166.0,Riverside,40.78798889132914,-73.95477620723186,4110,Modern 4bd near transit with central AC and secure entry
2,2.0,809.0,Downtown,40.71173471584747,-74.01784389626813,2989,Modern 2bd near transit with central AC and secure entry
4,4.0,1161.0,Midtown,40.77403661684919,-73.96794065203915,4145,"Cozy 4bd, no pets, hardwood floors"
3,2.0,932.0,Downtown,40.71596496378809,-73.99749447677713,3536,"Cozy 3bd, no pets, hardwood floors"
2,2.0,789.0,Riverside,40.81050939050493,-73.94975073416624,2795,"Cozy 2bd, no pets, hardwood floors"
1,1.0,667.0,Uptown,40.79343682230518,-73.98713225932926,2525,Spacious 1bd with in-unit laundry and garage parking
2,2.0,755.0,Uptown,40.80881769298765,-73.95841211732623,2886,Spacious 2bd with in-unit laundry and garage parking
3,3.0,982.0,Uptown,40.77858570953673,-73.98355550086829,3505,"Charming 3bd with fireplace, rooftop access, and pet-friendly policy"
4,3.0,1137.0,Midtown,40.76405776116485,-73.98883912046041,3915,Spacious 4bd with in-unit laundry and garage parking
1,1.0,,Uptown,40.78865994424799,-73.96227911790466,2351,Modern 1bd near transit with central AC and secure entry
3,2.0,974.0,Downtown,40.70600269734404,-74.01939329591221,3287,Modern 3bd near transit with central AC and secure entry
4,3.0,1229.0,Old Town,40.73522982161447,-73.94160065426331,4086,Spacious 4bd with in-unit laundry and garage parking
4,2.0,1190.0,Old Town,40.73235314942879,-73.95131991724354,4036,"Charming 4bd with fireplace, rooftop access, and pet-friendly policy"
2,2.0,758.0,Old Town,40.72757380730631,-73.92662057730752,2880,Modern 2bd near transit with central AC and secure entry
1,3.0,657.0,Midtown,40.76527119009177,-73.99496029565049,2689,Spacious 1bd with in-unit laundry and garage parking
2,2.0,779.0,Riverside,40.78728082756818,-73.96631083572298,2993,Spacious 2bd with in-unit laundry and garage parking
4,2.0,1147.0,Old Town,40.73733239356424,-73.93033789831769,4280,"Family-friendly 4bd with backyard, washer/dryer, and storage"
4,3.0,1183.0,Downtown,40.70665408186767,-74.00242610669017,4298,Modern 4bd near transit with central AC and secure entry
3,2.0,970.0,Downtown,40.73082826565531,-74.00353826375229,3734,"Bright 3bd with balcony, dishwasher, and gym access"
1,2.0,666.0,Uptown,40.765102224770175,-73.9687615959428,2662,"Bright 1bd with balcony, dishwasher, and gym access"
1,1.0,599.0,Midtown,40.782527483654555,-74.0009486897574,2219,Spacious 1bd with in-unit laundry and garage parking
2,2.0,785.0,Downtown,40.71315669594195,-74.00871602519639,2846,Spacious 2bd with in-unit laundry and garage parking
3,2.0,,Downtown,40.7139505955113,-74.00366897416215,3656,Modern 3bd near transit with central AC and secure entry
1,2.0,607.0,Downtown,40.726479663832755,-74.0049826005632,2374,"Bright 1bd with balcony, dishwasher, and gym access"
3,2.0,1034.0,Uptown,40.80002711468654,-73.97261186790543,3614,"Cozy 3bd, no pets, hardwood floors"
3,2.0,1015.0,Uptown,40.78049835871231,-73.97923019579646,3518,"Bright 3bd with balcony, dishwasher, and gym access"
1,1.0,698.0,Downtown,40.69099495565056,-74.00269062305689,2408,Modern 1bd near transit with central AC and secure entry
1,1.0,721.0,Old Town,40.755248003461666,-73.92970117427257,2680,"Cozy 1bd, no pets, hardwood floors"
2,2.0,769.0,Midtown,40.766240968249946,-73.99045637590018,2743,"Bright 2bd with balcony, dishwasher, and gym access"
3,2.0,993.0,Midtown,40.75506799930472,-73.97368430214,3663,"Cozy 3bd, no pets, hardwood floors"
4,3.0,1123.0,Midtown,40.782104323683484,-73.96764462477044,4165,Modern 4bd near transit with central AC and secure entry
2,2.0,779.0,Old Town,40.740262935556736,-73.93477819304731,2629,Spacious 2bd with in-unit laundry and garage parking
2,2.0,785.0,Riverside,40.803816626971205,-73.97554208783313,2791,"Charming 2bd with fireplace, rooftop access, and pet-friendly policy"
4,3.0,1128.0,Uptown,40.76732198974437,-73.98472158029311,3958,Modern 4bd near transit with central AC and secure entry
2,,768.0,Downtown,40.71339760041427,-74.00950390713712,3026,"Cozy 2bd, no pets, hardwood floors"
2,3.0,804.0,Midtown,40.740366699543365,-73.9859478805486,2901,"Family-friendly 2bd with backyard, washer/dryer, and storage"
2,2.0,761.0,Downtown,40.70897883610641,-74.02007418626341,2920,"Charming 2bd with fireplace, rooftop access, and pet-friendly policy"
1,2.0,664.0,Riverside,40.79685785187256,-73.9703514360086,2183,Spacious 1bd with in-unit laundry and garage parking
2,2.0,773.0,Downtown,40.70540035432091,-73.9948799580227,3298,"Cozy 2bd, no pets, hardwood floors"
3,3.0,1102.0,Riverside,40.77846518125488,-73.99032958788852,3705,Spacious 3bd with in-unit laundry and garage parking
4,3.0,1152.0,Uptown,40.78473942941339,-73.9700464737273,4165,Spacious 4bd with in-unit laundry and garage parking
3,2.0,993.0,Uptown,40.78955058163223,-73.97766768209935,3444,"Family-friendly 3bd with backyard, washer/dryer, and storage"
4,3.0,1118.0,Riverside,40.79028491433889,-73.96658779359234,3968,"Cozy 4bd, no pets, hardwood floors"
3,3.0,1058.0,Downtown,40.707501062375826,-73.98738714314413,3971,"Bright 3bd with balcony, dishwasher, and gym access"
1,2.0,675.0,Old Town,40.7267092730009,-73.9358382218206,2087,"Family-friendly 1bd with backyard, washer/dryer, and storage"
2,2.0,822.0,Downtown,40.74250501767518,-74.00833712272077,3056,Modern 2bd near transit with central AC and secure entry
4,3.0,1116.0,Riverside,40.807973882382385,-73.95874428679936,3881,"Family-friendly 4bd with backyard, washer/dryer, and storage"
1,2.0,638.0,Uptown,40.79347681972462,-73.96772615281506,2286,Spacious 1bd with in-unit laundry and garage parking
4,3.0,1125.0,Downtown,40.71512608953293,-74.00479598852195,4028,"Charming 4bd with fireplace, rooftop access, and pet-friendly policy"
3,2.0,1048.0,Riverside,40.794388073173195,-73.96259377436593,3474,Spacious 3bd with in-unit laundry and garage parking
2,2.0,842.0,Downtown,40.7371437500491,-73.99147181709243,3048,"Family-friendly 2bd with backyard, washer/dryer, and storage"
4,2.0,1174.0,Downtown,40.7164470162667,-73.99573004242272,3804,Modern 4bd near transit with central AC and secure entry
4,3.0,1073.0,Old Town,40.72016988909523,-73.9383261458504,3915,"Bright 4bd with balcony, dishwasher, and gym access"
1,2.0,591.0,Uptown,40.796074198130206,-73.9533539936785,2269,"Charming 1bd with fireplace, rooftop access, and pet-friendly policy"
1,2.0,658.0,Riverside,40.79204960593486,-73.97230305971307,2190,"Charming 1bd with fireplace, rooftop access, and pet-friendly policy"
3,2.0,1039.0,Uptown,40.810876509526544,-73.97004486500276,3814,Spacious 3bd with in-unit laundry and garage parking
4,3.0,1214.0,Uptown,40.80658034367241,-73.96871771219269,4085,"Charming 4bd with fireplace, rooftop access, and pet-friendly policy"
1,2.0,566.0,Midtown,40.76095416338791,-73.98916589065192,2249,"Cozy 1bd, no pets, hardwood floors"
3,3.0,1002.0,Downtown,40.72411066169813,-73.98970666939636,3519,"Family-friendly 3bd with backyard, washer/dryer, and storage"
1,1.0,671.0,Riverside,40.78887997323831,-73.97072940662665,2399,"Family-friendly 1bd with backyard, washer/dryer, and storage"
3,2.0,924.0,Downtown,40.72378094229249,-74.00755458365342,3698,Modern 3bd near transit with central AC and secure entry
3,3.0,990.0,Uptown,40.7787793743776,-73.95908549415357,3892,"Charming 3bd with fireplace, rooftop access, and pet-friendly policy"
1,1.0,641.0,Midtown,40.771241438456556,-73.99089570508806,2497,"Family-friendly 1bd with backyard, washer/dryer, and storage"
3,3.0,978.0,Midtown,40.76054839833586,-74.00000169755086,3703,Modern 3bd near transit with central AC and secure entry
4,2.0,1096.0,Uptown,40.773954229074256,-73.9697100172144,4272,"Cozy 4bd, no pets, hardwood floors"
4,3.0,1157.0,Old Town,40.730976881450964,-73.94680251310076,4113,"Bright 4bd with balcony, dishwasher, and gym access"
1,1.0,617.0,Old Town,40.7220083129033,-73.94798053243946,2532,"Charming 1bd with fireplace, rooftop access, and pet-friendly policy"
1,1.0,,Riverside,40.80676071828296,-73.99011167036029,2467,"Cozy 1bd, no pets, hardwood floors"
1,2.0,607.0,Midtown,40.74586107324528,-74.00785529857399,2362,"Charming 1bd with fireplace, rooftop access, and pet-friendly policy"
2,2.0,792.0,Uptown,40.789728247246295,-73.99283280260065,2957,"Cozy 2bd, no pets, hardwood floors"
1,1.0,628.0,Downtown,40.71318075038243,-73.98632571181103,2130,Modern 1bd near transit with central AC and secure entry
4,3.0,1188.0,Old Town,40.75068120777525,-73.95687089083015,4161,Modern 4bd near transit with central AC and secure entry
4,3.0,1158.0,Midtown,40.761580915219575,-73.99736765555657,3901,"Cozy 4bd, no pets, hardwood floors"
4,3.0,1154.0,Uptown,40.77038236757148,-73.97256163945268,3849,"Bright 4bd with balcony, dishwasher, and gym access"
1,2.0,634.0,Downtown,40.7275394938832,-73.99880409350935,2439,Spacious 1bd with in-unit laundry and garage parking
1,1.0,553.0,Old Town,40.72201830885821,-73.92673959203107,2044,"Bright 1bd with balcony, dishwasher, and gym access"
4,3.0,1189.0,Old Town,40.703675500017425,-73.94423534958119,4118,"Charming 4bd with fireplace, rooftop access, and pet-friendly policy"
2,2.0,810.0,Riverside,40.791413301463585,-73.96556015169912,2970,Spacious 2bd with in-unit laundry and garage parking
3,2.0,992.0,Downtown,40.71036606443608,-74.00769765312344,3621,"Charming 3bd with fireplace, rooftop access, and pet-friendly policy"
4,3.0,1208.0,Riverside,40.799203365638725,-73.96623111310812,4052,"Family-friendly 4bd with backyard, washer/dryer, and storage"
1,2.0,552.0,Midtown,40.764481571603504,-73.98370802768677,2400,"Family-friendly 1bd with backyard, washer/dryer, and storage"
1,1.0,551.0,Midtown,40.75458777820075,-73.98067902064234,2251,"Cozy 1bd, no pets, hardwood floors"
1,1.0,641.0,Midtown,40.76791348252384,-73.99217231068867,2451,"Charming 1bd with fireplace, rooftop access, and pet-friendly policy"
1,1.0,630.0,Midtown,40.75728716723193,-73.97155712124345,2191,"Cozy 1bd, no pets, hardwood floors"
1,2.0,637.0,Uptown,40.77146687187279,-73.94954357364493,2318,Modern 1bd near transit with central AC and secure entry
4,3.0,1152.0,Midtown,40.741930140303126,-73.98964437533446,4289,Spacious 4bd with in-unit laundry and garage parking
3,2.0,1017.0,Midtown,40.74659772003749,-73.95924487603757,3738,"Charming 3bd with fireplace, rooftop access, and pet-friendly policy"
4,,1207.0,Old Town,40.72455979965384,-73.94121009387834,4024,"Family-friendly 4bd with backyard, washer/dryer, and storage"
4,,1189.0,Riverside,40.796851015120716,-73.96535276630527,4080,Spacious 4bd with in-unit laundry and garage parking
4,3.0,1160.0,Old Town,40.72665869865315,-73.93679464165547,3931,Modern 4bd near transit with central AC and secure entry
1,2.0,546.0,Uptown,40.74234948056372,-73.97051408196798,2123,"Cozy 1bd, no pets, hardwood floors"
2,3.0,841.0,Downtown,40.71301367945784,-73.99353717443105,2830,"Bright 2bd with balcony, dishwasher, and gym access"
4,3.0,1219.0,Old Town,40.74630873137936,-73.9374524967367,4139,Modern 4bd near transit with central AC and secure entry
1,1.0,656.0,Downtown,40.722594748980086,-74.01921882536534,2535,"Charming 1bd with fireplace, rooftop access, and pet-friendly policy"
1,1.0,595.0,Midtown,40.76720810811236,-73.99236970958961,2205,"Cozy 1bd, no pets, hardwood floors"
3,2.0,1017.0,Downtown,40.698583630382444,-74.00822706413845,3614,Spacious 3bd with in-unit laundry and garage parking
4,3.0,1204.0,Old Town,40.74740566936637,-73.93302793355923,4107,"Bright 4bd with balcony, dishwasher, and gym access"
4,3.0,1232.0,Midtown,40.77595785777214,-73.99448479256579,4392,"Charming 4bd with fireplace, rooftop access, and pet-friendly policy"
4,3.0,1135.0,Old Town,40.743174213254576,-73.94302592044684,3954,"Family-friendly 4bd with backyard, washer/dryer, and storage"
1,1.0,621.0,Midtown,40.76070394405787,-73.98289980605608,2272,Spacious 1bd with in-unit laundry and garage parking
4,3.0,1200.0,Midtown,40.765937900807096,-73.98249111256106,4063,Spacious 4bd with in-unit laundry and garage parking
4,4.0,1172.0,Midtown,40.74912978554614,-73.9749363165749,3982,"Family-friendly 4bd with backyard, washer/dryer, and storage"
3,2.0,945.0,Downtown,40.73357987913191,-74.01300564106707,3611,"Family-friendly 3bd with backyard, washer/dryer, and storage"
4,3.0,1187.0,Midtown,40.73597721508266,-73.97950816517975,4152,Modern 4bd near transit with central AC and secure entry
4,4.0,,Old Town,40.72662583527138,-73.93677323427146,4133,Spacious 4bd with in-unit laundry and garage parking
2,,814.0,Uptown,40.79137413306877,-73.9766767091579,3124,"Cozy 2bd, no pets, hardwood floors"
1,2.0,639.0,Downtown,40.70957377634388,-74.00720143420324,2617,"Charming 1bd with fireplace, rooftop access, and pet-friendly policy"
2,2.0,800.0,Old Town,40.74823704725582,-73.93483916475063,2647,Spacious 2bd with in-unit laundry and garage parking
1,1.0,689.0,Midtown,40.743171917030224,-73.9998505417737,2548,"Cozy 1bd, no pets, hardwood floors"
1,1.0,594.0,Downtown,40.714470759059914,-74.0195531360083,2391,"Bright 1bd with balcony, dishwasher, and gym access"
1,1.0,607.0,Downtown,40.69405235815691,-73.99837356810879,2305,"Family-friendly 1bd with backyard, washer/dryer, and storage"
3,,990.0,Uptown,40.79291398083443,-73.97561763840672,3571,"Family-friendly 3bd with backyard, washer/dryer, and storage"
3,3.0,,Midtown,40.761523911493825,-73.98324254026966,3345,Modern 3bd near transit with central AC and secure entry
3,3.0,930.0,Old Town,40.73782903263163,-73.92794300115271,3639,"Bright 3bd with balcony, dishwasher, and gym access"
3,3.0,938.0,Midtown,40.726730536949674,-73.98838598750179,3563,"Bright 3bd with balcony, dishwasher, and gym access"
3,1.0,908.0,Old Town,40.73681485025814,-73.94012547909246,3261,Spacious 3bd with in-unit laundry and garage parking
3,2.0,991.0,Midtown,40.75843443167112,-73.97649160021986,3470,"Cozy 3bd, no pets, hardwood floors"
1,3.0,585.0,Uptown,40.78567110279903,-73.95310496699318,2020,"Cozy 1bd, no pets, hardwood floors"
4,3.0,1155.0,Old Town,40.744123835027374,-73.93662276983565,4026,Spacious 4bd with in-unit laundry and garage parking
2,2.0,836.0,Midtown,40.75562344595131,-74.01970388926242,2927,"Family-friendly 2bd with backyard, washer/dryer, and storage"
1,2.0,604.0,Downtown,40.70888197363732,-74.02223922671253,2172,"Bright 1bd with balcony, dishwasher, and gym access"
4,3.0,1179.0,Uptown,40.78735475450401,-73.96936555146655,4243,Modern 4bd near transit with central AC and secure entry
3,2.0,978.0,Riverside,40.80965026907232,-73.94973995433662,3718,"Cozy 3bd, no pets, hardwood floors"
1,1.0,657.0,Riverside,40.80098476684393,-73.93913500425691,2389,Modern 1bd near transit with central AC and secure entry
1,2.0,649.0,Midtown,40.76078941734264,-74.0012225967246,2350,Spacious 1bd with in-unit laundry and garage parking
1,1.0,602.0,Old Town,40.72385513749868,-73.93967296040368,2342,"Family-friendly 1bd with backyard, washer/dryer, and storage"
2,1.0,803.0,Midtown,40.765105525813844,-73.99686699880276,2951,"Family-friendly 2bd with backyard, washer/dryer, and storage"
1,2.0,672.0,Downtown,40.709224289406286,-74.00793248336956,2300,"Cozy 1bd, no pets, hardwood floors"
3,2.0,1006.0,Old Town,40.72522255030814,-73.92546301541984,3424,"Cozy 3bd, no pets, hardwood floors"
3,3.0,934.0,Uptown,40.792395856661585,-73.95720119437875,3402,"Family-friendly 3bd with backyard, washer/dryer, and storage"
4,2.0,1196.0,Uptown,40.78072769782667,-73.95676966918822,4187,"Cozy 4bd, no pets, hardwood floors"
3,3.0,947.0,Riverside,40.78493203496827,-73.98316061161188,3485,"Cozy 3bd, no pets, hardwood floors"
3,,1047.0,Midtown,40.74343437976691,-73.98538945968842,3664,"Bright 3bd with balcony, dishwasher, and gym access"
3,3.0,1031.0,Old Town,40.74502853739894,-73.94242570496768,3327,"Charming 3bd with fireplace, rooftop access, and pet-friendly policy"
1,1.0,642.0,Midtown,40.75227967914043,-73.98809221546371,2486,"Bright 1bd with balcony, dishwasher, and gym access"
1,1.0,,Downtown,40.71967393748065,-74.01173150364025,2415,"Cozy 1bd, no pets, hardwood floors"
3,3.0,982.0,Midtown,40.751598996505,-74.0016447431603,3928,Modern 3bd near transit with central AC and secure entry
1,2.0,657.0,Riverside,40.794439346665875,-73.95237045896478,2335,"Bright 1bd with balcony, dishwasher, and gym access"
1,2.0,615.0,Uptown,40.78579111210174,-73.98007825412297,2364,Modern 1bd near transit with central AC and secure entry
1,2.0,639.0,Downtown,40.727633727672746,-74.01302256202472,2843,"Bright 1bd with balcony, dishwasher, and gym access"
4,,1205.0,Old Town,40.74763946695379,-73.9183567162652,4170,Modern 4bd near transit with central AC and secure entry
2,2.0,788.0,Riverside,40.801972139516494,-73.98448259432845,2909,"Bright 2bd with balcony, dishwasher, and gym access"
3,2.0,965.0,Riverside,40.82877400738415,-73.96185268732482,3361,"Bright 3bd with balcony, dishwasher, and gym access"
2,1.0,762.0,Uptown,40.78081335570335,-73.9597264650227,3093,"Bright 2bd with balcony, dishwasher, and gym access"
1,1.0,587.0,Midtown,40.76642763344426,-73.96976873980137,2139,"Bright 1bd with balcony, dishwasher, and gym access"
2,2.0,737.0,Uptown,40.77675182653584,-73.9673783190467,2894,"Charming 2bd with fireplace, rooftop access, and pet-friendly policy"
1,1.0,659.0,Old Town,40.716369557237066,-73.9272039872511,2283,"Cozy 1bd, no pets, hardwood floors"
4,3.0,1242.0,Riverside,40.80102465556447,-73.96312788893415,4205,"Family-friendly 4bd with backyard, washer/dryer, and storage"
1,,687.0,Old Town,40.728843803313914,-73.93821186584705,2178,"Family-friendly 1bd with backyard, washer/dryer, and storage"
2,2.0,745.0,Midtown,40.74758122591182,-73.97601483742379,3077,Modern 2bd near transit with central AC and secure entry
4,3.0,1199.0,Downtown,40.730676448440896,-74.01268002030692,4182,"Cozy 4bd, no pets, hardwood floors"
3,3.0,1047.0,Uptown,40.791342486059655,-73.96601379650407,3416,"Bright 3bd with balcony, dishwasher, and gym access"
2,2.0,792.0,Downtown,40.71289717373619,-74.02431914880037,3162,"Charming 2bd with fireplace, rooftop access, and pet-friendly policy"
3,3.0,994.0,Downtown,40.697180831786675,-74.01537178341381,3521,"Cozy 3bd, no pets, hardwood floors"
4,3.0,1090.0,Uptown,40.75903194331714,-73.95430363124113,4056,Modern 4bd near transit with central AC and secure entry
2,2.0,821.0,Old Town,40.73501243875016,-73.93555953258078,3048,"Family-friendly 2bd with backyard, washer/dryer, and storage"
3,2.0,947.0,Riverside,40.77501717016878,-73.98838645026024,3556,Modern 3bd near transit with central AC and secure entry
4,3.0,1178.0,Old Town,40.73057190334176,-73.91155412041418,3775,Spacious 4bd with in-unit laundry and garage parking
3,2.0,928.0,Riverside,40.792916269649524,-73.95613442382705,3562,Modern 3bd near transit with central AC and secure entry
2,2.0,832.0,Old Town,40.724841171107904,-73.93453712888852,2922,"Cozy 2bd, no pets, hardwood floors"
1,1.0,671.0,Old Town,40.74517620618672,-73.93935141956199,2320,"Charming 1bd with fireplace, rooftop access, and pet-friendly policy"
1,1.0,599.0,Downtown,40.70451874110338,-73.9889831533505,2347,"Bright 1bd with balcony, dishwasher, and gym access"
4,2.0,1125.0,Uptown,40.78524669385337,-73.95810553891296,3812,"Bright 4bd with balcony, dishwasher, and gym access"
3,2.0,904.0,Downtown,40.70457701327938,-73.98911990949247,3504,"Charming 3bd with fireplace, rooftop access, and pet-friendly policy"
2,2.0,799.0,Downtown,40.716083527294415,-74.00078254848542,2779,"Bright 2bd with balcony, dishwasher, and gym access"
2,1.0,787.0,Downtown,40.71437955173715,-74.01206569978396,2924,"Cozy 2bd, no pets, hardwood floors"
3,2.0,928.0,Riverside,40.80127980627406,-73.97181108285587,3482,"Charming 3bd with fireplace, rooftop access, and pet-friendly policy"
3,3.0,1008.0,Old Town,40.74211455275174,-73.93763668600482,3686,Modern 3bd near transit with central AC and secure entry
3,2.0,972.0,Riverside,40.78334191326647,-73.98665308481986,3395,Modern 3bd near transit with central AC and secure entry
2,2.0,767.0,Riverside,40.78057938217215,-73.95908435090935,3109,Spacious 2bd with in-unit laundry and garage parking
3,3.0,968.0,Riverside,40.78748194826352,-73.96289897068993,3655,"Bright 3bd with balcony, dishwasher, and gym access"
2,2.0,853.0,Downtown,40.7144388942099,-74.00677650313892,2992,"Bright 2bd with balcony, dishwasher, and gym access"
4,2.0,1194.0,Riverside,40.806560862440584,-73.96460035755491,4002,"Cozy 4bd, no pets, hardwood floors"
1,1.0,625.0,Riverside,40.768783243086624,-73.97038350289017,2133,Modern 1bd near transit with central AC and secure entry
1,1.0,655.0,Riverside,40.80640123760876,-73.94681660627094,2431,"Cozy 1bd, no pets, hardwood floors"
2,3.0,764.0,Downtown,40.73303749139899,-74.02235780616303,2825,"Bright 2bd with balcony, dishwasher, and gym access"
3,2.0,991.0,Downtown,40.70860329640825,-74.0247933777645,3773,"Family-friendly 3bd with backyard, washer/dryer, and storage"
3,2.0,996.0,Riverside,40.81953862090132,-73.95434572550221,3449,"Family-friendly 3bd with backyard, washer/dryer, and storage"
2,2.0,791.0,Downtown,40.71700705464236,-74.00400686166488,2838,"Cozy 2bd, no pets, hardwood floors"
4,2.0,1187.0,Midtown,40.774567573204195,-73.97096409766289,4208,"Cozy 4bd, no pets, hardwood floors"
2,3.0,779.0,Midtown,40.771896536359876,-73.98001984168262,2818,Spacious 2bd with in-unit laundry and garage parking
1,3.0,650.0,Downtown,40.70860926040583,-73.99679450201579,2434,"Bright 1bd with balcony, dishwasher, and gym access"
1,1.0,652.0,Downtown,40.722592502863066,-74.00828764963511,2583,Spacious 1bd with in-unit laundry and garage parking
4,2.0,1053.0,Riverside,40.79708501297399,-73.9529002407653,3996,Spacious 4bd with in-unit laundry and garage parking
1,1.0,678.0,Riverside,40.821269393305236,-73.97549274937097,2439,"Charming 1bd with fireplace, rooftop access, and pet-friendly policy"
4,3.0,1048.0,Riverside,40.79813947989462,-73.96228880308254,4002,"Charming 4bd with fireplace, rooftop access, and pet-friendly policy"
2,2.0,785.0,Midtown,40.763839187972984,-73.9917683963109,2676,Modern 2bd near transit with central AC and secure entry
1,1.0,671.0,Midtown,40.78060224756413,-73.98043485681346,2485,"Family-friendly 1bd with backyard, washer/dryer, and storage"
2,2.0,797.0,Midtown,40.76437660090165,-73.96439339102186,2970,"Bright 2bd with balcony, dishwasher, and gym access"
3,3.0,931.0,Midtown,40.75261126049707,-73.9865611825173,3611,Modern 3bd near transit with central AC and secure entry
2,2.0,766.0,Downtown,40.69776013325174,-74.00806820566704,3030,"Charming 2bd with fireplace, rooftop access, and pet-friendly policy"
4,3.0,1211.0,Old Town,40.71273286971278,-73.92622580774967,4119,Spacious 4bd with in-unit laundry and garage parking
3,2.0,913.0,Riverside,40.80633996100084,-73.96982483168446,3594,"Bright 3bd with balcony, dishwasher, and gym access"
2,2.0,855.0,Uptown,40.78349491550619,-73.96206240301773,2946,Spacious 2bd with in-unit laundry and garage parking
3,3.0,988.0,Midtown,40.744370446957326,-73.98304998559057,3591,"Family-friendly 3bd with backyard, washer/dryer, and storage"
4,3.0,1122.0,Midtown,40.76639411767751,-74.0068872889289,4038,"Family-friendly 4bd with backyard, washer/dryer, and storage"
2,2.0,787.0,Downtown,40.72101925606842,-74.02608874955914,3036,"Family-friendly 2bd with backyard, washer/dryer, and storage"
1,1.0,589.0,Midtown,40.75658886619379,-73.99946069324915,2259,Modern 1bd near transit with central AC and secure entry
2,1.0,845.0,Uptown,40.80187495895148,-73.98508545264983,3222,"Bright 2bd with balcony, dishwasher, and gym access"
4,3.0,1199.0,Midtown,40.738197721296416,-73.98389977430085,4492,Spacious 4bd with in-unit laundry and garage parking
1,1.0,561.0,Uptown,40.77973556423975,-73.98925526274397,2374,"Family-friendly 1bd with backyard, washer/dryer, and storage"
4,,1154.0,Riverside,40.807609782389854,-73.9903979887494,4345,"Charming 4bd with fireplace, rooftop access, and pet-friendly policy"
3,,955.0,Midtown,40.745565108329004,-73.99240261924506,3279,"Charming 3bd with fireplace, rooftop access, and pet-friendly policy"
3,3.0,1042.0,Downtown,40.722426668705864,-73.99045437959585,3448,"Bright 3bd with balcony, dishwasher, and gym access"
2,2.0,756.0,Downtown,40.726033386967934,-74.00783928548555,2877,"Cozy 2bd, no pets, hardwood floors"
4,3.0,1234.0,Downtown,40.68367230106246,-74.00130976374538,4277,Modern 4bd near transit with central AC and secure entry
1,2.0,629.0,Uptown,40.802346884870694,-73.95639451510624,2304,Spacious 1bd with in-unit laundry and garage parking
2,2.0,764.0,Old Town,40.73615538811693,-73.94947403317205,2598,Spacious 2bd with in-unit laundry and garage parking
2,2.0,783.0,Riverside,40.79499631595645,-73.94329422721505,3086,"Family-friendly 2bd with backyard, washer/dryer, and storage"
2,3.0,778.0,Uptown,40.76769924558403,-73.9849740947378,3208,"Charming 2bd with fireplace, rooftop access, and pet-friendly policy"
2,2.0,759.0,Midtown,40.769310618613986,-73.99067391093767,3087,"Bright 2bd with balcony, dishwasher, and gym access"
1,1.0,634.0,Downtown,40.69861893853355,-73.98766434585532,2573,Modern 1bd near transit with central AC and secure entry
1,1.0,581.0,Midtown,40.76353267173774,-73.99008161397254,2338,Modern 1bd near transit with central AC and secure entry
1,2.0,543.0,Midtown,40.74425070196921,-73.96093112123368,2126,Spacious 1bd with in-unit laundry and garage parking
3,3.0,975.0,Riverside,40.80100657817504,-73.94973206325037,3533,"Cozy 3bd, no pets, hardwood floors"
2,2.0,738.0,Uptown,40.795423602535315,-73.97745081873995,3147,"Cozy 2bd, no pets, hardwood floors"
3,3.0,960.0,Midtown,40.751844706620126,-73.96814422122479,3463,"Charming 3bd with fireplace, rooftop access, and pet-friendly policy"
3,2.0,954.0,Midtown,40.775550207991444,-74.00802299171345,3439,"Bright 3bd with balcony, dishwasher, and gym access"
3,2.0,955.0,Downtown,40.71939736313179,-74.00745457765669,3711,"Family-friendly 3bd with backyard, washer/dryer, and storage"
3,2.0,1070.0,Riverside,40.78890012204474,-73.96335904686339,3827,"Cozy 3bd, no pets, hardwood floors"
3,2.0,992.0,Downtown,40.696604838508165,-74.01159746425576,3467,"Charming 3bd with fireplace, rooftop access, and pet-friendly policy"
3,4.0,1000.0,Downtown,40.70321831520676,-74.01199749516987,3566,"Charming 3bd with fireplace, rooftop access, and pet-friendly policy"
3,2.0,919.0,Downtown,40.71194225807606,-74.01818679994287,3420,"Bright 3bd with balcony, dishwasher, and gym access"
3,2.0,964.0,Old Town,40.74947814834648,-73.92928060119927,3476,"Cozy 3bd, no pets, hardwood floors"
2,2.0,819.0,Uptown,40.80623475634059,-73.97312095962893,3106,"Charming 2bd with fireplace, rooftop access, and pet-friendly policy"
1,1.0,589.0,Uptown,40.778114520452434,-73.95009901262608,2160,"Family-friendly 1bd with backyard, washer/dryer, and storage"
4,3.0,,Midtown,40.75106328312152,-73.98763950426387,4362,Modern 4bd near transit with central AC and secure entry
2,,762.0,Downtown,40.72144056892597,-74.02085270969957,2949,"Cozy 2bd, no pets, hardwood floors"
3,2.0,979.0,Riverside,40.80983553621752,-73.95949983520602,3876,Modern 3bd near transit with central AC and secure entry
1,1.0,607.0,Downtown,40.72803190381646,-73.99531946596387,2422,"Bright 1bd with balcony, dishwasher, and gym access"
2,3.0,817.0,Downtown,40.72839974023453,-74.0073250628061,2993,"Family-friendly 2bd with backyard, washer/dryer, and storage"
3,,964.0,Uptown,40.77434795617552,-73.945880175031,3573,"Family-friendly 3bd with backyard, washer/dryer, and storage"
3,3.0,979.0,Downtown,40.69447965261374,-74.02311815694648,3526,"Bright 3bd with balcony, dishwasher, and gym access"
3,2.0,981.0,Downtown,40.71958153648611,-73.98650016742187,3309,Spacious 3bd with in-unit laundry and garage parking
2,2.0,781.0,Old Town,40.73287461015097,-73.92320835560356,2832,Modern 2bd near transit with central AC and secure entry
4,3.0,1189.0,Uptown,40.76075036727034,-73.97719453954618,4102,"Charming 4bd with fireplace, rooftop access, and pet-friendly policy"
3,2.0,1000.0,Midtown,40.73551262631428,-73.97613506850126,3331,"Cozy 3bd, no pets, hardwood floors"
4,3.0,,Midtown,40.73943322408093,-74.00083382615239,4134,"Charming 4bd with fireplace, rooftop access, and pet-friendly policy"
3,2.0,973.0,Old Town,40.73676830245954,-73.92245810777578,3167,"Bright 3bd with balcony, dishwasher, and gym access"
3,2.0,1022.0,Downtown,40.71089238270125,-73.9991579299507,3582,"Family-friendly 3bd with backyard, washer/dryer, and storage"
4,2.0,1161.0,Downtown,40.71925345800248,-74.0085851223133,4208,"Family-friendly 4bd with backyard, washer/dryer, and storage"
1,2.0,618.0,Uptown,40.77156353420536,-73.96442130311738,2333,"Cozy 1bd, no pets, hardwood floors"
4,3.0,1174.0,Uptown,40.7920571482893,-73.96047170716291,4058,Spacious 4bd with in-unit laundry and garage parking
4,4.0,1238.0,Riverside,40.80504479708895,-73.98052199896175,4214,"Charming 4bd with fireplace, rooftop access, and pet-friendly policy"
3,2.0,,Midtown,40.76628408193643,-73.98551657296274,3367,"Family-friendly 3bd with backyard, washer/dryer, and storage"
3,3.0,1021.0,Downtown,40.70700715066812,-74.00953563004633,3635,Modern 3bd near transit with central AC and secure entry
3,3.0,914.0,Uptown,40.776416913859315,-73.96053387465375,3428,"Cozy 3bd, no pets, hardwood floors"
2,2.0,819.0,Uptown,40.76768262319704,-73.98312183121767,2805,Spacious 2bd with in-unit laundry and garage parking
4,3.0,1233.0,Downtown,40.708854725383944,-73.98663498982113,4310,"Cozy 4bd, no pets, hardwood floors"
1,2.0,650.0,Uptown,40.79735136658911,-73.99089008963897,2401,Modern 1bd near transit with central AC and secure entry
2,2.0,817.0,Downtown,40.72901616506503,-73.9898069573962,2983,"Family-friendly 2bd with backyard, washer/dryer, and storage"
3,2.0,968.0,Riverside,40.787211900087726,-73.99675749924715,3875,"Cozy 3bd, no pets, hardwood floors"
4,3.0,1171.0,Riverside,40.80043334053183,-73.9530309070884,4116,"Cozy 4bd, no pets, hardwood floors"
2,1.0,800.0,Midtown,40.7770951436376,-73.99594992717233,2908,"Cozy 2bd, no pets, hardwood floors"
2,2.0,779.0,Riverside,40.82232374925595,-73.9932351887498,2844,"Charming 2bd with fireplace, rooftop access, and pet-friendly policy"
1,1.0,618.0,Riverside,40.796883392634044,-73.97150652803059,2195,Modern 1bd near transit with central AC and secure entry
1,1.0,638.0,Downtown,40.72662804429909,-73.99042037040873,2519,"Charming 1bd with fireplace, rooftop access, and pet-friendly policy"
1,2.0,,Midtown,40.7694506838652,-74.00170660058495,2226,Spacious 1bd with in-unit laundry and garage parking
1,2.0,598.0,Uptown,40.79505142838159,-73.96509149637687,2207,"Bright 1bd with balcony, dishwasher, and gym access"
4,3.0,1116.0,Downtown,40.692745187376644,-74.03080416594563,4030,"Bright 4bd with balcony, dishwasher, and gym access"
4,3.0,1186.0,Midtown,40.77045587148025,-73.98766119161175,4023,"Bright 4bd with balcony, dishwasher, and gym access"
4,,1192.0,Midtown,40.742577814890545,-73.9879980631445,3916,"Bright 4bd with balcony, dishwasher, and gym access"
1,1.0,639.0,Riverside,40.80566849297335,-73.96749421352001,2300,Spacious 1bd with in-unit laundry and garage parking
1,1.0,669.0,Midtown,40.73937616616249,-73.96287331715723,2554,Spacious 1bd with in-unit laundry and garage parking
2,2.0,814.0,Old Town,40.74265061562786,-73.93922452942007,2942,"Family-friendly 2bd with backyard, washer/dryer, and storage"
3,2.0,1006.0,Midtown,40.75445886412918,-73.98118615126344,3812,"Bright 3bd with balcony, dishwasher, and gym access"
2,2.0,,Downtown,40.69924454325112,-74.00212788276156,3128,Spacious 2bd with in-unit laundry and garage parking
2,2.0,806.0,Riverside,40.78533121075767,-73.96734641060213,3023,"Bright 2bd with balcony, dishwasher, and gym access"
1,1.0,609.0,Downtown,40.69877714200172,-74.01941700778792,2659,"Charming 1bd with fireplace, rooftop access, and pet-friendly policy"
3,2.0,1079.0,Downtown,40.73254867136342,-74.00528928926859,3696,"Bright 3bd with balcony, dishwasher, and gym access"
2,2.0,792.0,Midtown,40.76048887782482,-74.00963655833297,2949,"Charming 2bd with fireplace, rooftop access, and pet-friendly policy"
1,2.0,,Old Town,40.72343597889775,-73.92966545457554,2277,Spacious 1bd with in-unit laundry and garage parking
3,3.0,1007.0,Midtown,40.760329635191376,-74.01134835785625,3812,Spacious 3bd with in-unit laundry and garage parking
4,4.0,1180.0,Downtown,40.71528565499989,-74.0016012943574,4198,Modern 4bd near transit with central AC and secure entry
1,2.0,,Midtown,40.77340514397839,-73.99336277342726,2197,"Family-friendly 1bd with backyard, washer/dryer, and storage"
2,2.0,855.0,Midtown,40.73109517535838,-73.99746124902167,3112,"Charming 2bd with fireplace, rooftop access, and pet-friendly policy"
4,3.0,1166.0,Downtown,40.699635219533576,-73.99715949346664,4057,"Bright 4bd with balcony, dishwasher, and gym access"
3,3.0,946.0,Uptown,40.75209916093926,-73.97658027752087,3542,"Cozy 3bd, no pets, hardwood floors"
4,3.0,1218.0,Downtown,40.72990954568293,-74.005913450446,4311,Modern 4bd near transit with central AC and secure entry
2,3.0,835.0,Midtown,40.76875580179412,-74.00520158000262,2969,"Cozy 2bd, no pets, hardwood floors"
2,2.0,759.0,Old Town,40.711376125841525,-73.91795309050585,2924,"Cozy 2bd, no pets, hardwood floors"
3,,1061.0,Old Town,40.73181458438909,-73.93396070765348,3373,Spacious 3bd with in-unit laundry and garage parking
1,2.0,656.0,Midtown,40.74458216606272,-73.9842906192526,2431,"Family-friendly 1bd with backyard, washer/dryer, and storage"
1,2.0,630.0,Midtown,40.744248749179924,-73.97125755461313,2301,Modern 1bd near transit with central AC and secure entry
3,3.0,1054.0,Midtown,40.790733968518424,-73.97969270735602,4072,Spacious 3bd with in-unit laundry and garage parking
3,2.0,996.0,Riverside,40.79368064337446,-73.99690389996593,3574,Modern 3bd near transit with central AC and secure entry
1,2.0,629.0,Downtown,40.6925864306255,-73.98734165802767,2315,"Charming 1bd with fireplace, rooftop access, and pet-friendly policy"
3,3.0,964.0,Downtown,40.70044969788075,-74.01045001858024,3349,"Family-friendly 3bd with backyard, washer/dryer, and storage"
2,2.0,833.0,Midtown,40.76586391169495,-73.96771252240767,3191,"Bright 2bd with balcony, dishwasher, and gym access"
3,3.0,1009.0,Downtown,40.710404956946036,-74.01085600243599,3565,Spacious 3bd with in-unit laundry and garage parking
4,3.0,1171.0,Downtown,40.71365945234213,-74.01353165379967,4067,Modern 4bd near transit with central AC and secure entry
1,2.0,598.0,Downtown,40.70591416956049,-74.0010574385896,2413,Modern 1bd near transit with central AC and secure entry
4,2.0,1175.0,Old Town,40.73282349821402,-73.90962073632129,4198,"Charming 4bd with fireplace, rooftop access, and pet-friendly policy"
2,1.0,807.0,Uptown,40.78996618579963,-73.95738625342287,3020,Modern 2bd near transit with central AC and secure entry
4,3.0,1117.0,Old Town,40.71774457787932,-73.92889811251963,4024,"Family-friendly 4bd with backyard, washer/dryer, and storage"
2,2.0,751.0,Old Town,40.72192422384079,-73.93045456084043,2852,Modern 2bd near transit with central AC and secure entry
2,2.0,833.0,Midtown,40.76626217517738,-73.98490157387198,3029,Modern 2bd near transit with central AC and secure entry
4,3.0,1066.0,Riverside,40.83018790865769,-73.9493642427707,4045,"Cozy 4bd, no pets, hardwood floors"
3,2.0,998.0,Old Town,40.74472694399395,-73.92602856569155,3575,"Bright 3bd with balcony, dishwasher, and gym access"
1,2.0,611.0,Old Town,40.75176032981276,-73.95244363156962,2453,"Cozy 1bd, no pets, hardwood floors"
3,2.0,1042.0,Old Town,40.74704339741589,-73.94709493174399,3580,"Bright 3bd with balcony, dishwasher, and gym access"
4,3.0,1150.0,Midtown,40.751227930571204,-73.97876329067127,4000,"Charming 4bd with fireplace, rooftop access, and pet-friendly policy"
2,2.0,836.0,Midtown,40.77279864198613,-73.99934291958019,2977,"Bright 2bd with balcony, dishwasher, and gym access"
4,3.0,1154.0,Midtown,40.75184946146787,-73.98432961512998,4241,"Bright 4bd with balcony, dishwasher, and gym access"
3,2.0,995.0,Downtown,40.710563607943655,-73.99575161526518,3330,"Charming 3bd with fireplace, rooftop access, and pet-friendly policy"
2,2.0,839.0,Midtown,40.799231131391814,-73.98046815149769,2736,Spacious 2bd with in-unit laundry and garage parking
1,,611.0,Downtown,40.70397764274205,-74.02155809996766,2518,"Cozy 1bd, no pets, hardwood floors"
3,2.0,1030.0,Downtown,40.70889695303698,-74.01728299863234,3873,"Bright 3bd with balcony, dishwasher, and gym access"
1,1.0,590.0,Riverside,40.8069105975037,-73.96107574037059,2113,"Bright 1bd with balcony, dishwasher, and gym access"
4,3.0,1182.0,Old Town,40.7250419815457,-73.9113805398346,4124,"Bright 4bd with balcony, dishwasher, and gym access"
3,3.0,1027.0,Uptown,40.77587463216912,-73.97263317281478,3511,"Family-friendly 3bd with backyard, washer/dryer, and storage"
2,2.0,836.0,Midtown,40.76566995199068,-73.97479534127477,2960,"Bright 2bd with balcony, dishwasher, and gym access"
1,1.0,707.0,Uptown,40.80003091825852,-73.96605804225207,2485,"Bright 1bd with balcony, dishwasher, and gym access"
3,2.0,959.0,Riverside,40.81391095240945,-73.97448129806433,3307,"Bright 3bd with balcony, dishwasher, and gym access"
1,1.0,575.0,Old Town,40.74161698352421,-73.92434325019812,2074,"Charming 1bd with fireplace, rooftop access, and pet-friendly policy"
2,2.0,770.0,Uptown,40.802854640097046,-73.99122123190674,2830,"Charming 2bd with fireplace, rooftop access, and pet-friendly policy"
4,3.0,1196.0,Uptown,40.773813802612786,-73.96132230836758,4128,"Cozy 4bd, no pets, hardwood floors"
4,3.0,1190.0,Midtown,40.72618362624143,-73.97959592591454,4007,Spacious 4bd with in-unit laundry and garage parking
4,3.0,1174.0,Old Town,40.743317653099176,-73.9421165029706,4217,Spacious 4bd with in-unit laundry and garage parking
4,3.0,1125.0,Riverside,40.796137719998654,-73.97938964816687,4012,"Bright 4bd with balcony, dishwasher, and gym access"
3,3.0,1021.0,Midtown,40.75174143456323,-73.99141082202354,3535,Modern 3bd near transit with central AC and secure entry
1,1.0,581.0,Midtown,40.74980590470641,-73.99435213813342,2347,Spacious 1bd with in-unit laundry and garage parking
4,3.0,1216.0,Midtown,40.75474794258134,-73.98889725178788,4193,Modern 4bd near transit with central AC and secure entry
4,3.0,1284.0,Midtown,40.78048958279834,-73.99023022171741,4429,"Bright 4bd with balcony, dishwasher, and gym access"
4,3.0,1185.0,Riverside,40.8054298025943,-73.97342259559771,4015,"Charming 4bd with fireplace, rooftop access, and pet-friendly policy"
3,3.0,1013.0,Old Town,40.723524850689905,-73.95565244645279,3322,Modern 3bd near transit with central AC and secure entry
1,2.0,610.0,Midtown,40.73914360502627,-73.99998397935583,2297,"Bright 1bd with balcony, dishwasher, and gym access"
3,3.0,918.0,Midtown,40.76020436201712,-73.97258591613658,3468,Modern 3bd near transit with central AC and secure entry
2,2.0,,Midtown,40.73656002567726,-73.99208892161619,2745,Spacious 2bd with in-unit laundry and garage parking
4,3.0,1126.0,Downtown,40.6963973114878,-74.0091713251296,3917,"Bright 4bd with balcony, dishwasher, and gym access"
2,2.0,752.0,Uptown,40.79760923392449,-73.97656258881929,2878,"Cozy 2bd, no pets, hardwood floors"
2,2.0,879.0,Old Town,40.7300297963336,-73.91773725924328,2887,"Cozy 2bd, no pets, hardwood floors"
1,1.0,641.0,Old Town,40.7360948111661,-73.9443211022698,2111,"Bright 1bd with balcony, dishwasher, and gym access"
4,3.0,1185.0,Downtown,40.71470698343003,-74.01593058813683,4350,Modern 4bd near transit with central AC and secure entry
4,3.0,1158.0,Old Town,40.73564578415284,-73.92901591815112,3982,Modern 4bd near transit with central AC and secure entry
1,2.0,623.0,Old Town,40.71419408359402,-73.93309820699136,2478,"Charming 1bd with fireplace, rooftop access, and pet-friendly policy"
2,2.0,849.0,Midtown,40.75658912090405,-73.97896387123393,3020,"Cozy 2bd, no pets, hardwood floors"
2,2.0,809.0,Uptown,40.79467616461223,-73.96547060475051,2971,"Family-friendly 2bd with backyard, washer/dryer, and storage"
2,2.0,831.0,Uptown,40.781061679759446,-73.96000003974963,2925,Modern 2bd near transit with central AC and secure entry
4,2.0,1162.0,Riverside,40.790823246684276,-73.98234626392043,3727,"Charming 4bd with fireplace, rooftop access, and pet-friendly policy"
1,1.0,616.0,Downtown,40.67445655978527,-74.00684169142085,2217,"Charming 1bd with fireplace, rooftop access, and pet-friendly policy"
2,2.0,754.0,Downtown,40.70294144272608,-74.00122694628709,2904,"Family-friendly 2bd with backyard, washer/dryer, and storage"
1,1.0,551.0,Uptown,40.76104527127147,-73.97896614261079,2283,"Bright 1bd with balcony, dishwasher, and gym access"
1,2.0,620.0,Downtown,40.71844323887038,-74.01835803375619,2123,Modern 1bd near transit with central AC and secure entry
4,2.0,1172.0,Midtown,40.76291108098336,-73.99218427114081,4145,Modern 4bd near transit with central AC and secure entry
4,3.0,1119.0,Old Town,40.730206300282646,-73.928058103923,3856,"Family-friendly 4bd with backyard, washer/dryer, and storage"
1,1.0,629.0,Downtown,40.724233564277384,-74.00489009106415,2439,"Cozy 1bd, no pets, hardwood floors"
3,2.0,992.0,Midtown,40.74823187646146,-73.99099646634856,3556,"Charming 3bd with fireplace, rooftop access, and pet-friendly policy"
1,1.0,544.0,Riverside,40.80894346435704,-73.97875504300178,2352,"Family-friendly 1bd with backyard, washer/dryer, and storage"
1,1.0,593.0,Uptown,40.78256320084032,-73.97583060918033,2446,Spacious 1bd with in-unit laundry and garage parking
2,2.0,826.0,Uptown,40.78345965860017,-73.98331139035099,3019,"Cozy 2bd, no pets, hardwood floors"
1,2.0,,Uptown,40.762476667773456,-73.96495108860849,2485,"Cozy 1bd, no pets, hardwood floors"
2,2.0,764.0,Downtown,40.724369577081866,-74.02750609948998,2884,Modern 2bd near transit with central AC and secure entry
4,3.0,1176.0,Downtown,40.717227113931116,-73.99300180502186,4617,"Cozy 4bd, no pets, hardwood floors"
3,3.0,1031.0,Old Town,40.73775093256115,-73.94020004214411,3373,"Cozy 3bd, no pets, hardwood floors"
3,2.0,1021.0,Midtown,40.746678043562994,-73.9845282630478,3519,"Cozy 3bd, no pets, hardwood floors"
2,2.0,806.0,Midtown,40.760973420706165,-73.98435030986613,3094,Spacious 2bd with in-unit laundry and garage parking
1,1.0,611.0,Downtown,40.71063838443859,-74.01899182068948,2493,"Bright 1bd with balcony, dishwasher, and gym access"
1,1.0,605.0,Riverside,40.8063722594957,-73.96084974606704,2396,"Cozy 1bd, no pets, hardwood floors"
2,2.0,829.0,Downtown,40.71520986550554,-74.00466807625915,3125,Modern 2bd near transit with central AC and secure entry
1,3.0,638.0,Old Town,40.750750993852954,-73.94269254541487,2013,"Cozy 1bd, no pets, hardwood floors"
4,,1195.0,Midtown,40.77337722116948,-73.99430829363067,4422,"Cozy 4bd, no pets, hardwood floors"
4,3.0,1175.0,Uptown,40.79800740687548,-73.95639958939903,4091,"Charming 4bd with fireplace, rooftop access, and pet-friendly policy"
4,,1203.0,Midtown,40.75448338555918,-73.96556844335127,4381,"Family-friendly 4bd with backyard, washer/dryer, and storage"
3,3.0,,Downtown,40.718428430640955,-74.01652726929369,3292,"Cozy 3bd, no pets, hardwood floors"
3,2.0,1021.0,Uptown,40.78021012086733,-73.95760685232672,3602,Spacious 3bd with in-unit laundry and garage parking
3,3.0,1025.0,Old Town,40.74167677642252,-73.94789648481655,3463,"Charming 3bd with fireplace, rooftop access, and pet-friendly policy"
2,2.0,778.0,Downtown,40.71112891225371,-74.00355772420669,3041,"Family-friendly 2bd with backyard, washer/dryer, and storage"
3,,,Midtown,40.75190874493109,-73.9572064033195,3506,"Bright 3bd with balcony, dishwasher, and gym access"
4,3.0,1232.0,Midtown,40.76080396492087,-73.98624174629084,4288,"Family-friendly 4bd with backyard, washer/dryer, and storage"
4,3.0,1180.0,Downtown,40.727090212531095,-74.01038256241807,4040,"Cozy 4bd, no pets, hardwood floors"
3,3.0,921.0,Uptown,40.79678913132741,-73.99121278874699,3420,"Bright 3bd with balcony, dishwasher, and gym access"
1,1.0,601.0,Downtown,40.707356151445055,-73.99341115497947,2340,"Bright 1bd with balcony, dishwasher, and gym access"
3,3.0,1021.0,Uptown,40.80354237264708,-73.98047954855606,3637,"Family-friendly 3bd with backyard, washer/dryer, and storage"
2,2.0,799.0,Downtown,40.702122140365375,-73.99919064283556,3132,"Cozy 2bd, no pets, hardwood floors"
3,3.0,970.0,Uptown,40.77722359326099,-73.97442293501307,3516,"Bright 3bd with balcony, dishwasher, and gym access"
3,1.0,1046.0,Midtown,40.76851686029685,-73.99202922617937,3441,"Charming 3bd with fireplace, rooftop access, and pet-friendly policy"
4,4.0,1128.0,Midtown,40.734414890981576,-74.00111301322727,4109,"Cozy 4bd, no pets, hardwood floors"
2,3.0,778.0,Midtown,40.75811946702865,-74.00786107778168,3312,Spacious 2bd with in-unit laundry and garage parking
4,3.0,1178.0,Riverside,40.79773407499243,-73.98320515819492,4394,"Family-friendly 4bd with backyard, washer/dryer, and storage"
4,3.0,1186.0,Uptown,40.804379268082386,-73.9452182888628,3689,"Charming 4bd with fireplace, rooftop access, and pet-friendly policy"
2,2.0,830.0,Old Town,40.7179016347719,-73.93211889583954,2944,"Bright 2bd with balcony, dishwasher, and gym access"
2,2.0,846.0,Midtown,40.74647515521604,-73.98921178722466,3153,Spacious 2bd with in-unit laundry and garage parking
3,,998.0,Midtown,40.77964163193547,-73.99110026257271,3540,Modern 3bd near transit with central AC and secure entry
4,3.0,1190.0,Downtown,40.70936755045316,-74.01731035120673,4142,"Cozy 4bd, no pets, hardwood floors"
3,2.0,980.0,Midtown,40.77175427253198,-74.02465920043029,3502,Modern 3bd near transit with central AC and secure entry
4,4.0,1173.0,Old Town,40.72528643214162,-73.93575063312962,4180,Spacious 4bd with in-unit laundry and garage parking
2,2.0,814.0,Riverside,40.79336707204179,-73.95613745390722,2783,"Family-friendly 2bd with backyard, washer/dryer, and storage"
3,2.0,999.0,Uptown,40.79912432740765,-73.98814447415455,3711,"Family-friendly 3bd with backyard, washer/dryer, and storage"
2,2.0,841.0,Old Town,40.75572183984525,-73.95227910589223,2941,Modern 2bd near transit with central AC and secure entry
4,3.0,1192.0,Downtown,40.72826356818011,-74.00420206761757,4074,Modern 4bd near transit with central AC and secure entry
2,2.0,812.0,Downtown,40.70675558683464,-74.01091240315611,3170,"Cozy 2bd, no pets, hardwood floors"
3,2.0,958.0,Old Town,40.73019784651208,-73.93269898565762,3225,"Charming 3bd with fireplace, rooftop access, and pet-friendly policy"
1,2.0,633.0,Downtown,40.70175814778354,-74.00880727949215,2326,"Cozy 1bd, no pets, hardwood floors"
4,3.0,1169.0,Downtown,40.703551926124874,-74.02058059432488,4097,"Bright 4bd with balcony, dishwasher, and gym access"
2,2.0,818.0,Riverside,40.791492259570504,-73.98029969559234,3282,"Charming 2bd with fireplace, rooftop access, and pet-friendly policy"
2,2.0,898.0,Riverside,40.79625814104699,-73.96131030113438,2966,Spacious 2bd with in-unit laundry and garage parking
3,2.0,969.0,Uptown,40.78614852425014,-73.94750786268007,3170,Spacious 3bd with in-unit laundry and garage parking
2,2.0,827.0,Midtown,40.73147456383536,-73.97986790840544,2899,"Family-friendly 2bd with backyard, washer/dryer, and storage"
4,3.0,1213.0,Riverside,40.80137704286229,-73.95671195589154,4262,"Bright 4bd with balcony, dishwasher, and gym access"
3,3.0,994.0,Downtown,40.72139758245173,-74.00797990100162,3714,Modern 3bd near transit with central AC and secure entry
3,2.0,1084.0,Midtown,40.760071815418286,-73.99442883055502,4024,Modern 3bd near transit with central AC and secure entry
1,2.0,,Midtown,40.76536415975226,-74.00804651262547,2561,"Family-friendly 1bd with backyard, washer/dryer, and storage"
1,1.0,643.0,Riverside,40.81062191726379,-73.96677808133083,2402,Modern 1bd near transit with central AC and secure entry
2,2.0,778.0,Riverside,40.795455255546024,-73.96929039839335,2773,"Bright 2bd with balcony, dishwasher, and gym access"
4,3.0,1156.0,Old Town,40.72868964518494,-73.91963235487422,4318,Modern 4bd near transit with central AC and secure entry
4,4.0,1180.0,Downtown,40.75160192395899,-73.9913615501102,4143,"Family-friendly 4bd with backyard, washer/dryer, and storage"
3,3.0,1024.0,Uptown,40.77791609056932,-73.96364261810858,3468,"Bright 3bd with balcony, dishwasher, and gym access"
3,2.0,1003.0,Midtown,40.766079949992694,-73.99660192866936,3511,"Cozy 3bd, no pets, hardwood floors"
2,2.0,860.0,Riverside,40.78617040843335,-73.967259371147,2830,"Bright 2bd with balcony, dishwasher, and gym access"
1,1.0,626.0,Downtown,40.722492491232416,-74.02534169921121,2331,"Charming 1bd with fireplace, rooftop access, and pet-friendly policy"
1,3.0,617.0,Downtown,40.70414922558815,-73.99912817949212,2353,Spacious 1bd with in-unit laundry and garage parking
2,2.0,918.0,Old Town,40.73110068335925,-73.91820471655281,3163,"Cozy 2bd, no pets, hardwood floors"
2,2.0,826.0,Midtown,40.741063590551086,-73.95727402079861,2927,"Charming 2bd with fireplace, rooftop access, and pet-friendly policy"
1,2.0,601.0,Riverside,40.782844090677166,-73.99084996462594,2128,"Family-friendly 1bd with backyard, washer/dryer, and storage"
2,1.0,782.0,Downtown,40.71209304664603,-74.01961350713896,2720,Spacious 2bd with in-unit laundry and garage parking
1,2.0,592.0,Old Town,40.73013493203146,-73.93608472254745,2295,"Cozy 1bd, no pets, hardwood floors"
3,3.0,1027.0,Downtown,40.71045070945471,-74.01610893238636,3653,"Family-friendly 3bd with backyard, washer/dryer, and storage"
4,3.0,1155.0,Downtown,40.71799187383096,-74.00980804537721,4082,"Family-friendly 4bd with backyard, washer/dryer, and storage"
3,2.0,995.0,Uptown,40.797943978449055,-73.97336446703034,3458,"Family-friendly 3bd with backyard, washer/dryer, and storage"
2,2.0,807.0,Midtown,40.746424230925605,-74.00575252662212,3018,"Charming 2bd with fireplace, rooftop access, and pet-friendly policy"
2,3.0,839.0,Uptown,40.78263468682262,-73.98643045485635,3177,Modern 2bd near transit with central AC and secure entry
2,2.0,776.0,Downtown,40.69660045775194,-73.99967051229024,2836,"Charming 2bd with fireplace, rooftop access, and pet-friendly policy"
1,1.0,587.0,Downtown,40.69146795926604,-73.98905367946,2361,Modern 1bd near transit with central AC and secure entry
3,2.0,999.0,Old Town,40.73251659661275,-73.9357261115723,3656,"Bright 3bd with balcony, dishwasher, and gym access"
3,2.0,1014.0,Downtown,40.70038280871339,-73.99682753244389,3508,Modern 3bd near transit with central AC and secure entry
1,2.0,643.0,Old Town,40.730565140796834,-73.94343315971288,2330,"Bright 1bd with balcony, dishwasher, and gym access"
2,3.0,778.0,Old Town,40.73299789635982,-73.95539342546526,2858,Modern 2bd near transit with central AC and secure entry
2,2.0,837.0,Downtown,40.69317607442141,-74.01944223302361,2838,"Charming 2bd with fireplace, rooftop access, and pet-friendly policy"
1,2.0,,Old Town,40.73479432721132,-73.93523909986166,2300,"Charming 1bd with fireplace, rooftop access, and pet-friendly policy"
3,2.0,969.0,Midtown,40.770587751186675,-73.99653987822603,3533,Modern 3bd near transit with central AC and secure entry
3,2.0,952.0,Midtown,40.76489601408578,-73.98686644662874,3589,Spacious 3bd with in-unit laundry and garage parking
3,3.0,1042.0,Downtown,40.70148345766311,-74.00137630795145,3484,Modern 3bd near transit with central AC and secure entry
3,2.0,1015.0,Riverside,40.80050785770106,-73.97404943032974,3578,"Cozy 3bd, no pets, hardwood floors"
4,3.0,1194.0,Uptown,40.78520398904573,-73.97275436463124,4354,"Cozy 4bd, no pets, hardwood floors"
4,3.0,1220.0,Uptown,40.78285574317779,-73.97615111779892,4493,"Charming 4bd with fireplace, rooftop access, and pet-friendly policy"
3,2.0,1103.0,Riverside,40.785640617533275,-73.96560281500926,3886,"Bright 3bd with balcony, dishwasher, and gym access"
4,3.0,1102.0,Midtown,40.74836742751535,-73.99774394641173,3881,"Family-friendly 4bd with backyard, washer/dryer, and storage"
2,2.0,780.0,Riverside,40.79841160187077,-73.95769168146992,2977,"Bright 2bd with balcony, dishwasher, and gym access"
4,3.0,1145.0,Old Town,40.732827362092294,-73.94157370650028,3988,Modern 4bd near transit with central AC and secure entry
4,3.0,1136.0,Riverside,40.79444384730559,-73.95887024085373,4132,Modern 4bd near transit with central AC and secure entry
3,3.0,947.0,Riverside,40.77253917076663,-73.95693162012961,3368,"Charming 3bd with fireplace, rooftop access, and pet-friendly policy"
4,3.0,1158.0,Riverside,40.77881181070083,-73.98348489489987,3862,"Cozy 4bd, no pets, hardwood floors"
3,2.0,941.0,Downtown,40.706628810024846,-73.97995851028483,3474,Modern 3bd near transit with central AC and secure entry
3,2.0,1003.0,Old Town,40.75072903232017,-73.92672214693043,3627,"Bright 3bd with balcony, dishwasher, and gym access"
2,2.0,812.0,Old Town,40.734878508539545,-73.95754732361614,2953,"Bright 2bd with balcony, dishwasher, and gym access"
4,3.0,1189.0,Old Town,40.73248109795457,-73.94179065822271,4180,"Charming 4bd with fireplace, rooftop access, and pet-friendly policy"
3,,1010.0,Midtown,40.74819996799653,-73.9836423629203,3616,Spacious 3bd with in-unit laundry and garage parking
4,2.0,1194.0,Riverside,40.79564667988664,-73.95606840544838,4229,Modern 4bd near transit with central AC and secure entry
2,2.0,795.0,Downtown,40.68956854278865,-74.00509986293184,3058,"Bright 2bd with balcony, dishwasher, and gym access"
4,4.0,1255.0,Uptown,40.77415083331783,-73.97611562994699,4188,"Charming 4bd with fireplace, rooftop access, and pet-friendly policy"
1,2.0,639.0,Uptown,40.78835551703375,-73.98460769435131,2361,"Cozy 1bd, no pets, hardwood floors"
1,1.0,,Downtown,40.71477078567175,-74.00854805846251,2566,"Cozy 1bd, no pets, hardwood floors"
3,4.0,950.0,Old Town,40.72267295761788,-73.94084686983213,3468,Spacious 3bd with in-unit laundry and garage parking
3,2.0,920.0,Downtown,40.710945377305755,-74.01521403815076,3504,"Bright 3bd with balcony, dishwasher, and gym access"
4,3.0,1171.0,Old Town,40.73068513370391,-73.93853811945999,4110,Spacious 4bd with in-unit laundry and garage parking
2,2.0,805.0,Riverside,40.793964609555196,-73.94742189319317,2910,Modern 2bd near transit with central AC and secure entry
3,2.0,971.0,Midtown,40.76298287907074,-73.99009254679147,3466,"Cozy 3bd, no pets, hardwood floors"
3,2.0,1070.0,Old Town,40.7323503251699,-73.94752184164128,3640,"Bright 3bd with balcony, dishwasher, and gym access"
4,4.0,1192.0,Downtown,40.70755874071866,-74.00984092940526,4138,Modern 4bd near transit with central AC and secure entry
3,3.0,1019.0,Riverside,40.78633847308108,-73.96185175142406,3560,"Family-friendly 3bd with backyard, washer/dryer, and storage"
2,2.0,773.0,Riverside,40.795232647568646,-73.97076560000937,2781,Spacious 2bd with in-unit laundry and garage parking
4,3.0,1130.0,Downtown,40.70597536169052,-73.97049091291228,4147,Spacious 4bd with in-unit laundry and garage parking
1,1.0,631.0,Old Town,40.722648618197915,-73.96002412344663,2404,"Cozy 1bd, no pets, hardwood floors"
4,4.0,1177.0,Uptown,40.76550081634849,-73.96208836852765,4092,Modern 4bd near transit with central AC and secure entry
1,1.0,556.0,Uptown,40.800737432300195,-73.97938156629647,1934,"Charming 1bd with fireplace, rooftop access, and pet-friendly policy"
2,2.0,803.0,Old Town,40.745947396035625,-73.92630092000188,2986,Spacious 2bd with in-unit laundry and garage parking
4,2.0,1171.0,Uptown,40.782426238428165,-73.97432535540524,4133,Spacious 4bd with in-unit laundry and garage parking
3,2.0,981.0,Uptown,40.78687044271699,-73.96067053013415,3361,Modern 3bd near transit with central AC and secure entry
4,3.0,1137.0,Midtown,40.762767534787145,-73.99362169962158,4222,"Charming 4bd with fireplace, rooftop access, and pet-friendly policy"
3,2.0,968.0,Midtown,40.75590951543569,-73.96172483854333,3318,"Family-friendly 3bd with backyard, washer/dryer, and storage"
3,2.0,983.0,Riverside,40.80431456556755,-73.95606809487741,3690,Modern 3bd near transit with central AC and secure entry
2,2.0,814.0,Downtown,40.71927861984699,-74.00271970707203,2995,Spacious 2bd with in-unit laundry and garage parking
1,2.0,654.0,Uptown,40.78600438680018,-73.9604313124961,2028,Modern 1bd near transit with central AC and secure entry
1,2.0,673.0,Downtown,40.72142370682373,-74.00283327826386,2491,"Bright 1bd with balcony, dishwasher, and gym access"
2,2.0,798.0,Riverside,40.79297484969342,-73.96187329433342,2873,"Bright 2bd with balcony, dishwasher, and gym access"
1,2.0,612.0,Uptown,40.78389590476238,-73.97489907093613,2227,"Bright 1bd with balcony, dishwasher, and gym access"
3,3.0,1008.0,Midtown,40.7901453116996,-74.0039686156925,3469,Modern 3bd near transit with central AC and secure entry
4,4.0,1194.0,Midtown,40.76950215430869,-73.99585205133104,4163,"Family-friendly 4bd with backyard, washer/dryer, and storage"
4,3.0,1153.0,Midtown,40.759574345872124,-73.95467694977091,4053,"Cozy 4bd, no pets, hardwood floors"
2,2.0,842.0,Riverside,40.78975157206211,-73.97518647185792,2714,Spacious 2bd with in-unit laundry and garage parking
4,3.0,1209.0,Uptown,40.78448983515418,-73.98136660349157,4358,Spacious 4bd with in-unit laundry and garage parking
4,3.0,1222.0,Uptown,40.795308676211285,-73.97761435323275,4148,"Bright 4bd with balcony, dishwasher, and gym access"
4,3.0,1241.0,Old Town,40.73844811568179,-73.95115026958159,4080,Modern 4bd near transit with central AC and secure entry
2,2.0,775.0,Midtown,40.73631802197415,-73.98824781974744,2747,"Family-friendly 2bd with backyard, washer/dryer, and storage"
2,3.0,811.0,Midtown,40.73917790594355,-73.96728077304681,3080,"Bright 2bd with balcony, dishwasher, and gym access"
4,4.0,1170.0,Midtown,40.73964235811406,-73.99795224025205,3955,Modern 4bd near transit with central AC and secure entry
1,2.0,626.0,Downtown,40.717763438625695,-74.01303636740074,2420,"Charming 1bd with fireplace, rooftop access, and pet-friendly policy"
2,3.0,784.0,Old Town,40.712379344361594,-73.91072043007914,2785,"Family-friendly 2bd with backyard, washer/dryer, and storage"
1,1.0,,Riverside,40.78928039436208,-73.96885509368995,2197,"Family-friendly 1bd with backyard, washer/dryer, and storage"
4,4.0,1174.0,Riverside,40.79878968975873,-73.9579762901764,3975,"Bright 4bd with balcony, dishwasher, and gym access"
3,3.0,,Riverside,40.80684822952805,-73.97642161245277,3408,Spacious 3bd with in-unit laundry and garage parking
1,3.0,633.0,Midtown,40.754090073390685,-73.9882230692025,2376,"Charming 1bd with fireplace, rooftop access, and pet-friendly policy"
1,1.0,598.0,Midtown,40.766987513978385,-73.9995198629783,2363,Modern 1bd near transit with central AC and secure entry
3,2.0,946.0,Uptown,40.80891732668107,-73.98031020064951,3344,Spacious 3bd with in-unit laundry and garage parking
3,3.0,999.0,Riverside,40.80119500723892,-73.98041987327632,3542,"Bright 3bd with balcony, dishwasher, and gym access"
4,3.0,,Old Town,40.71502209186031,-73.94569314090893,4235,Spacious 4bd with in-unit laundry and garage parking
2,3.0,833.0,Uptown,40.77305372138803,-73.97617108428986,2710,"Charming 2bd with fireplace, rooftop access, and pet-friendly policy"
4,3.0,1257.0,Old Town,40.71885241965484,-73.92685337094447,4211,Modern 4bd near transit with central AC and secure entry
2,2.0,821.0,Old Town,40.721204193256185,-73.94592578592142,2780,"Family-friendly 2bd with backyard, washer/dryer, and storage"
4,4.0,1189.0,Riverside,40.79658437363059,-73.95458593345565,4004,"Bright 4bd with balcony, dishwasher, and gym access"
1,2.0,587.0,Old Town,40.73317851408333,-73.93639627435864,2295,Spacious 1bd with in-unit laundry and garage parking
1,1.0,579.0,Midtown,40.740803462760375,-73.99921250151837,2219,Modern 1bd near transit with central AC and secure entry
1,2.0,693.0,Midtown,40.74265908071953,-73.96981778531594,2273,Modern 1bd near transit with central AC and secure entry
2,3.0,773.0,Uptown,40.79106675747758,-73.98153944610709,3077,"Cozy 2bd, no pets, hardwood floors"
4,3.0,1128.0,Midtown,40.751227540274094,-73.99540348211485,4231,"Family-friendly 4bd with backyard, washer/dryer, and storage"
1,2.0,628.0,Riverside,40.79066966540343,-73.96097638762541,2065,"Cozy 1bd, no pets, hardwood floors"
2,2.0,806.0,Uptown,40.78124956535059,-73.94622598706843,2702,"Family-friendly 2bd with backyard, washer/dryer, and storage"
1,1.0,594.0,Uptown,40.799704317894204,-73.95548623591439,2376,"Family-friendly 1bd with backyard, washer/dryer, and storage"
4,,1158.0,Midtown,40.76605628369938,-73.99057190884609,4090,Spacious 4bd with in-unit laundry and garage parking
3,3.0,1039.0,Uptown,40.79187349061436,-73.97538599233434,3813,"Cozy 3bd, no pets, hardwood floors"
4,3.0,1138.0,Uptown,40.80426331260874,-73.9663486474034,4163,Spacious 4bd with in-unit laundry and garage parking
3,2.0,934.0,Downtown,40.715948324303234,-74.00447512805084,3561,"Family-friendly 3bd with backyard, washer/dryer, and storage"
3,2.0,1028.0,Riverside,40.822183197128325,-73.98370500400604,3440,"Cozy 3bd, no pets, hardwood floors"
4,3.0,1190.0,Midtown,40.780059453932026,-73.98773384568945,4250,Modern 4bd near transit with central AC and secure entry
1,1.0,605.0,Midtown,40.74112621229021,-73.99452651677971,2146,"Bright 1bd with balcony, dishwasher, and gym access"
4,3.0,1107.0,Downtown,40.69299031284732,-73.99815611905298,4295,Spacious 4bd with in-unit laundry and garage parking
3,3.0,960.0,Uptown,40.77224048459584,-73.96917598800555,3545,"Charming 3bd with fireplace, rooftop access, and pet-friendly policy"
3,2.0,988.0,Old Town,40.744210604361996,-73.94326420314279,3374,"Family-friendly 3bd with backyard, washer/dryer, and storage"
2,3.0,857.0,Riverside,40.79808275568371,-73.982140399319,3133,"Cozy 2bd, no pets, hardwood floors"
4,3.0,1129.0,Downtown,40.708139714692585,-73.97511171649671,4465,"Charming 4bd with fireplace, rooftop access, and pet-friendly policy"
2,2.0,807.0,Riverside,40.810635197969326,-73.96967676502672,2912,"Family-friendly 2bd with backyard, washer/dryer, and storage"
1,2.0,657.0,Old Town,40.72325974356582,-73.93571160074787,2434,"Family-friendly 1bd with backyard, washer/dryer, and storage"
4,2.0,1075.0,Midtown,40.75956060902632,-73.99052883648575,3956,"Cozy 4bd, no pets, hardwood floors"
1,1.0,671.0,Downtown,40.71916071034926,-74.01744136988073,2474,Spacious 1bd with in-unit laundry and garage parking
1,2.0,583.0,Midtown,40.74649934790019,-73.9810576545154,2081,Spacious 1bd with in-unit laundry and garage parking
3,2.0,1003.0,Riverside,40.787276298957224,-73.95775179296565,3560,Modern 3bd near transit with central AC and secure entry
1,2.0,640.0,Midtown,40.75782863265124,-74.00743491062461,2390,"Family-friendly 1bd with backyard, washer/dryer, and storage"
4,4.0,1213.0,Uptown,40.786013989506735,-73.99142175949507,4443,"Charming 4bd with fireplace, rooftop access, and pet-friendly policy"
2,2.0,832.0,Old Town,40.73892034411587,-73.938184571951,2668,"Charming 2bd with fireplace, rooftop access, and pet-friendly policy"
1,2.0,535.0,Riverside,40.82351301059808,-73.95364424586752,2186,Modern 1bd near transit with central AC and secure entry
4,4.0,1139.0,Old Town,40.71787168992522,-73.95944887836609,4244,Modern 4bd near transit with central AC and secure entry
3,2.0,996.0,Old Town,40.72153878491851,-73.94985510323396,3472,"Cozy 3bd, no pets, hardwood floors"
2,2.0,802.0,Downtown,40.73470885704253,-74.00612377591136,2962,Spacious 2bd with in-unit laundry and garage parking
3,2.0,1009.0,Riverside,40.81250102565019,-73.9699203709506,3443,"Cozy 3bd, no pets, hardwood floors"
3,2.0,,Midtown,40.75584399014063,-73.9858915242701,3459,Spacious 3bd with in-unit laundry and garage parking
1,1.0,654.0,Downtown,40.72607847182311,-74.0022605029319,2164,"Family-friendly 1bd with backyard, washer/dryer, and storage"
4,3.0,1161.0,Riverside,40.78861199387828,-73.94702983034296,4030,Modern 4bd near transit with central AC and secure entry
2,3.0,736.0,Downtown,40.70928621401217,-74.01146624148652,2750,"Family-friendly 2bd with backyard, washer/dryer, and storage"
3,2.0,972.0,Downtown,40.678845936373015,-73.99838720490607,3585,Spacious 3bd with in-unit laundry and garage parking
4,2.0,1187.0,Uptown,40.785912151675944,-73.97000089212078,4019,"Charming 4bd with fireplace, rooftop access, and pet-friendly policy"
3,2.0,946.0,Midtown,40.753166103946675,-73.9924026140816,3426,"Family-friendly 3bd with backyard, washer/dryer, and storage"
3,3.0,1015.0,Downtown,40.708365034878035,-74.00044206954647,3558,"Charming 3bd with fireplace, rooftop access, and pet-friendly policy"
2,3.0,846.0,Uptown,40.792369413276404,-73.97397237906048,2970,Modern 2bd near transit with central AC and secure entry
1,2.0,635.0,Old Town,40.7419872499318,-73.9361476901722,2242,"Bright 1bd with balcony, dishwasher, and gym access"
2,2.0,687.0,Old Town,40.724549282982515,-73.93281901310111,2583,Modern 2bd near transit with central AC and secure entry
4,3.0,1119.0,Downtown,40.696487362978075,-74.00320738029104,4128,Modern 4bd near transit with central AC and secure entry
3,,1065.0,Uptown,40.76619381473368,-73.9835327235198,3783,"Cozy 3bd, no pets, hardwood floors"
2,2.0,788.0,Old Town,40.706375703119406,-73.93730140343206,2897,Spacious 2bd with in-unit laundry and garage parking
4,3.0,1091.0,Downtown,40.73211560442771,-74.00740491993298,3986,Modern 4bd near transit with central AC and secure entry
4,4.0,1219.0,Downtown,40.7205230245532,-73.97777223323226,4233,Spacious 4bd with in-unit laundry and garage parking
4,2.0,1171.0,Downtown,40.71764867017744,-74.01518254453505,3878,Spacious 4bd with in-unit laundry and garage parking
2,2.0,854.0,Uptown,40.777169176767174,-73.97119210150132,2967,Spacious 2bd with in-unit laundry and garage parking
3,2.0,1001.0,Downtown,40.70520526425687,-74.01269704399776,3546,Modern 3bd near transit with central AC and secure entry
3,2.0,1008.0,Old Town,40.742423046911114,-73.92288612463072,3385,"Charming 3bd with fireplace, rooftop access, and pet-friendly policy"
2,3.0,825.0,Riverside,40.78153729021541,-73.9763180342148,2856,"Bright 2bd with balcony, dishwasher, and gym access"
2,2.0,838.0,Downtown,40.70723194735704,-73.99881093264602,2975,Spacious 2bd with in-unit laundry and garage parking
1,1.0,721.0,Old Town,40.74431690706207,-73.90277638478871,2586,Modern 1bd near transit with central AC and secure entry
2,2.0,849.0,Downtown,40.70721192044461,-74.0109887445721,3215,"Bright 2bd with balcony, dishwasher, and gym access"
3,3.0,927.0,Downtown,40.71986284018765,-74.01418660062745,3367,Modern 3bd near transit with central AC and secure entry
4,3.0,1188.0,Old Town,40.728908457662115,-73.9401804573054,4040,"Bright 4bd with balcony, dishwasher, and gym access"
4,2.0,1216.0,Midtown,40.726540152937154,-73.98402120123818,4137,Modern 4bd near transit with central AC and secure entry
1,1.0,678.0,Riverside,40.799111668488365,-73.95124522739691,2543,"Cozy 1bd, no pets, hardwood floors"
3,3.0,973.0,Uptown,40.78476588489044,-73.98625696973977,3520,"Charming 3bd with fireplace, rooftop access, and pet-friendly policy"
1,2.0,677.0,Downtown,40.709702813524245,-74.03109299411764,2482,Modern 1bd near transit with central AC and secure entry
3,3.0,,Midtown,40.74346898597761,-73.97787392838217,3687,"Cozy 3bd, no pets, hardwood floors"
2,2.0,913.0,Downtown,40.70983191472056,-73.99492990112603,3048,Spacious 2bd with in-unit laundry and garage parking
2,2.0,,Riverside,40.77769729298946,-73.96940953676788,3114,"Family-friendly 2bd with backyard, washer/dryer, and storage"
3,3.0,970.0,Old Town,40.72489385001935,-73.92372981700863,3473,"Bright 3bd with balcony, dishwasher, and gym access"
2,2.0,798.0,Midtown,40.766073153218,-73.97779297419895,2819,"Cozy 2bd, no pets, hardwood floors"
4,3.0,1150.0,Uptown,40.80319692045701,-73.97561704531144,4054,"Bright 4bd with balcony, dishwasher, and gym access"
3,3.0,954.0,Old Town,40.74662097002361,-73.94773047381055,3637,"Bright 3bd with balcony, dishwasher, and gym access"
4,3.0,1059.0,Old Town,40.717629467002816,-73.92616704114201,3881,"Family-friendly 4bd with backyard, washer/dryer, and storage"
3,2.0,973.0,Downtown,40.6947431111391,-73.99912681245897,3710,Modern 3bd near transit with central AC and secure entry
2,2.0,,Downtown,40.714015758324656,-73.99313776725614,2925,"Family-friendly 2bd with backyard, washer/dryer, and storage"
4,3.0,1150.0,Downtown,40.71208667242054,-74.00532741264445,4043,Modern 4bd near transit with central AC and secure entry
2,2.0,887.0,Midtown,40.764111179915105,-73.99345179460072,3167,"Charming 2bd with fireplace, rooftop access, and pet-friendly policy"
3,,991.0,Uptown,40.77622552431012,-73.96550684672188,3391,Spacious 3bd with in-unit laundry and garage parking
1,2.0,682.0,Downtown,40.71244854629043,-74.01088776700765,2599,"Bright 1bd with balcony, dishwasher, and gym access"
1,1.0,640.0,Midtown,40.757006590803634,-73.96636528590594,2437,"Family-friendly 1bd with backyard, washer/dryer, and storage"
3,3.0,1023.0,Midtown,40.752683779119124,-73.99116423535939,3470,Spacious 3bd with in-unit laundry and garage parking
1,2.0,641.0,Downtown,40.69231066930405,-74.00650823525788,2410,"Bright 1bd with balcony, dishwasher, and gym access"
4,3.0,1225.0,Riverside,40.80918260213488,-73.95646562261183,4127,"Bright 4bd with balcony, dishwasher, and gym access"
4,3.0,1172.0,Uptown,40.78599861121957,-73.95972999712302,4170,"Family-friendly 4bd with backyard, washer/dryer, and storage"
3,2.0,1010.0,Midtown,40.766774764822564,-73.9721445972437,3866,"Charming 3bd with fireplace, rooftop access, and pet-friendly policy"
3,2.0,1005.0,Uptown,40.796511631865734,-73.9523602616467,3486,Spacious 3bd with in-unit laundry and garage parking
3,3.0,978.0,Midtown,40.75596368200121,-74.00142469650834,3621,"Cozy 3bd, no pets, hardwood floors"
1,1.0,646.0,Riverside,40.809264624924225,-73.95713336172813,2382,"Family-friendly 1bd with backyard, washer/dryer, and storage"
2,2.0,899.0,Uptown,40.803539944720576,-73.95582451572596,3053,"Cozy 2bd, no pets, hardwood floors"
2,3.0,799.0,Uptown,40.808045669470374,-73.96376175223608,2889,"Bright 2bd with balcony, dishwasher, and gym access"
4,3.0,1187.0,Riverside,40.80404572710326,-73.9831197974559,4030,"Charming 4bd with fireplace, rooftop access, and pet-friendly policy"
1,2.0,680.0,Riverside,40.80499715841417,-73.97313004028246,2475,"Charming 1bd with fireplace, rooftop access, and pet-friendly policy"
2,1.0,856.0,Old Town,40.73313812016119,-73.93454584176428,2926,"Charming 2bd with fireplace, rooftop access, and pet-friendly policy"
2,2.0,810.0,Midtown,40.7636608030662,-73.98666796851447,2828,Spacious 2bd with in-unit laundry and garage parking
1,1.0,535.0,Downtown,40.724020242288795,-74.0386778517545,2429,Spacious 1bd with in-unit laundry and garage parking
1,1.0,651.0,Old Town,40.732879922901894,-73.92077012265017,2357,"Cozy 1bd, no pets, hardwood floors"
2,2.0,721.0,Uptown,40.807140582101475,-73.96241646393938,2774,"Family-friendly 2bd with backyard, washer/dryer, and storage"
1,,689.0,Old Town,40.750818596270996,-73.9331727680509,2595,"Cozy 1bd, no pets, hardwood floors"
1,2.0,637.0,Old Town,40.730634350911124,-73.92884701228127,2048,"Bright 1bd with balcony, dishwasher, and gym access"
2,1.0,850.0,Midtown,40.75796166860531,-73.99488828961621,3208,"Family-friendly 2bd with backyard, washer/dryer, and storage"
1,,594.0,Midtown,40.751817117070416,-73.99884583487291,2190,"Bright 1bd with balcony, dishwasher, and gym access"
3,2.0,928.0,Uptown,40.791040525138385,-73.97106329824999,3469,"Charming 3bd with fireplace, rooftop access, and pet-friendly policy"
1,2.0,640.0,Midtown,40.753676566598905,-73.99230020508205,2296,"Bright 1bd with balcony, dishwasher, and gym access"
2,,809.0,Old Town,40.7366606761544,-73.92583462183268,2767,"Bright 2bd with balcony, dishwasher, and gym access"
2,2.0,790.0,Old Town,40.71703383204194,-73.9506522160373,3078,"Charming 2bd with fireplace, rooftop access, and pet-friendly policy"
4,3.0,1173.0,Uptown,40.79615411946745,-73.98770159886186,4398,Modern 4bd near transit with central AC and secure entry
3,3.0,1101.0,Old Town,40.73716984200587,-73.91579708961494,3617,"Cozy 3bd, no pets, hardwood floors"
4,3.0,1203.0,Uptown,40.80413081764072,-73.96234552891241,4210,Modern 4bd near transit with central AC and secure entry
2,2.0,852.0,Old Town,40.73910571418387,-73.90817711059763,2973,"Family-friendly 2bd with backyard, washer/dryer, and storage"
2,2.0,844.0,Midtown,40.72998725204528,-73.99107202811297,3269,"Charming 2bd with fireplace, rooftop access, and pet-friendly policy"
2,1.0,869.0,Old Town,40.74078190218892,-73.9392474440941,2670,Spacious 2bd with in-unit laundry and garage parking
4,4.0,1162.0,Old Town,40.745477339703285,-73.93567224872372,4140,Spacious 4bd with in-unit laundry and garage parking
4,3.0,1088.0,Midtown,40.759580926324055,-73.98879609597095,3929,Modern 4bd near transit with central AC and secure entry
4,3.0,1162.0,Uptown,40.77842986849431,-73.97776531955776,3751,"Family-friendly 4bd with backyard, washer/dryer, and storage"
4,3.0,1202.0,Riverside,40.80455399556204,-73.97579477958988,4125,Modern 4bd near transit with central AC and secure entry
3,3.0,951.0,Midtown,40.7694384586019,-73.97766128890477,3781,"Bright 3bd with balcony, dishwasher, and gym access"
3,2.0,983.0,Old Town,40.74379299729164,-73.94874709227192,3393,"Family-friendly 3bd with backyard, washer/dryer, and storage"
4,2.0,1142.0,Riverside,40.78090628143856,-73.96655022906758,4217,Modern 4bd near transit with central AC and secure entry
2,2.0,870.0,Riverside,40.83608560736271,-73.95130549466286,3210,"Charming 2bd with fireplace, rooftop access, and pet-friendly policy"
2,2.0,840.0,Midtown,40.751346644297925,-73.98040585438683,3002,"Bright 2bd with balcony, dishwasher, and gym access"
4,3.0,1196.0,Uptown,40.793431042889324,-73.98762065888879,4168,"Family-friendly 4bd with backyard, washer/dryer, and storage"
2,1.0,835.0,Riverside,40.81773551042841,-73.96850908952185,2726,Spacious 2bd with in-unit laundry and garage parking
1,2.0,629.0,Uptown,40.783611829864704,-73.97091458408678,2226,"Family-friendly 1bd with backyard, washer/dryer, and storage"
3,2.0,998.0,Downtown,40.7265344816717,-74.01506218589842,3738,"Family-friendly 3bd with backyard, washer/dryer, and storage"
2,2.0,763.0,Downtown,40.69231635994259,-74.0021245364852,2944,"Cozy 2bd, no pets, hardwood floors"
4,3.0,1083.0,Old Town,40.70607610296592,-73.93881324314162,4031,Spacious 4bd with in-unit laundry and garage parking
4,,1176.0,Midtown,40.77224249147831,-73.9785508731579,4178,"Charming 4bd with fireplace, rooftop access, and pet-friendly policy"
2,2.0,823.0,Midtown,40.7705082727887,-73.97805578361756,3310,Spacious 2bd with in-unit laundry and garage parking
3,2.0,,Midtown,40.7869240138654,-73.99255887553188,3557,"Bright 3bd with balcony, dishwasher, and gym access"
4,4.0,1233.0,Old Town,40.7353775801241,-73.94045744565454,4419,Spacious 4bd with in-unit laundry and garage parking
3,3.0,1053.0,Uptown,40.79618161523898,-73.9719388985126,3626,"Bright 3bd with balcony, dishwasher, and gym access"
1,2.0,590.0,Riverside,40.82192613855332,-73.97286979146482,2557,"Family-friendly 1bd with backyard, washer/dryer, and storage"
3,2.0,976.0,Old Town,40.74748551830861,-73.92808232563347,3298,Modern 3bd near transit with central AC and secure entry
3,2.0,,Riverside,40.80091046717095,-73.95999069194568,3596,"Cozy 3bd, no pets, hardwood floors"
3,2.0,1091.0,Riverside,40.80443517265035,-73.96222854383697,3620,"Bright 3bd with balcony, dishwasher, and gym access"
1,2.0,689.0,Midtown,40.75551754712287,-73.99391906209067,2471,Spacious 1bd with in-unit laundry and garage parking
2,2.0,855.0,Old Town,40.726579146560454,-73.95539773973537,3151,Modern 2bd near transit with central AC and secure entry
4,3.0,1154.0,Downtown,40.72290337999039,-74.02082196766611,4220,Spacious 4bd with in-unit laundry and garage parking
1,1.0,595.0,Riverside,40.79868823533717,-73.95872345950222,2492,"Bright 1bd with balcony, dishwasher, and gym access"
2,2.0,842.0,Midtown,40.7680727606052,-74.00679582324204,2906,Spacious 2bd with in-unit laundry and garage parking
2,1.0,766.0,Old Town,40.729497823097304,-73.9296830636066,2725,"Cozy 2bd, no pets, hardwood floors"
1,1.0,620.0,Riverside,40.801924193311145,-73.95037110050791,2346,Spacious 1bd with in-unit laundry and garage parking
1,,625.0,Downtown,40.702938317201024,-74.03058849356228,2394,"Charming 1bd with fireplace, rooftop access, and pet-friendly policy"
2,3.0,874.0,Riverside,40.81102391220122,-73.97294503343542,3008,"Family-friendly 2bd with backyard, washer/dryer, and storage"
4,3.0,1156.0,Downtown,40.691697512828966,-74.0079021486868,4022,"Charming 4bd with fireplace, rooftop access, and pet-friendly policy"
1,1.0,532.0,Midtown,40.772766695711184,-74.00065903141376,2419,"Family-friendly 1bd with backyard, washer/dryer, and storage"
2,1.0,830.0,Uptown,40.81273195144737,-73.98125457913443,2901,"Bright 2bd with balcony, dishwasher, and gym access"
1,,602.0,Midtown,40.759044130249514,-74.00012958901418,2547,"Cozy 1bd, no pets, hardwood floors"
3,,992.0,Uptown,40.785199324184354,-73.9728049738611,3526,"Charming 3bd with fireplace, rooftop access, and pet-friendly policy"
2,1.0,,Riverside,40.78342607317202,-73.93259007637259,3042,"Charming 2bd with fireplace, rooftop access, and pet-friendly policy"
4,,1159.0,Midtown,40.75205595397178,-73.99143355068767,4218,"Bright 4bd with balcony, dishwasher, and gym access"
3,3.0,1022.0,Uptown,40.796328430552244,-73.94942894139982,3441,"Cozy 3bd, no pets, hardwood floors"
4,3.0,1109.0,Riverside,40.81481724241605,-73.98091416147632,4108,"Bright 4bd with balcony, dishwasher, and gym access"
3,2.0,969.0,Old Town,40.73316690811394,-73.95777646978861,3762,"Bright 3bd with balcony, dishwasher, and gym access"
2,2.0,837.0,Downtown,40.72362046097587,-74.02562225766236,3073,"Charming 2bd with fireplace, rooftop access, and pet-friendly policy"
4,3.0,1145.0,Riverside,40.79166158411669,-73.96653841804837,4238,Spacious 4bd with in-unit laundry and garage parking
2,2.0,746.0,Downtown,40.7181400787337,-74.00913121548075,3016,Modern 2bd near transit with central AC and secure entry
4,3.0,1197.0,Uptown,40.8029290041208,-73.9625211250137,4197,"Family-friendly 4bd with backyard, washer/dryer, and storage"
4,2.0,1215.0,Uptown,40.79243669704877,-73.98595281082382,4203,"Family-friendly 4bd with backyard, washer/dryer, and storage"
3,3.0,988.0,Old Town,40.75099241477055,-73.94483678173134,3580,"Cozy 3bd, no pets, hardwood floors"
3,3.0,912.0,Downtown,40.73365050919585,-73.98173365931689,3600,"Bright 3bd with balcony, dishwasher, and gym access"
2,3.0,838.0,Downtown,40.71895187838837,-73.99361584282785,2834,"Bright 2bd with balcony, dishwasher, and gym access"
4,3.0,1104.0,Old Town,40.69360496284332,-73.93754002898588,4041,"Bright 4bd with balcony, dishwasher, and gym access"
3,2.0,1002.0,Downtown,40.72602598767904,-73.99490587678024,3581,Spacious 3bd with in-unit laundry and garage parking
4,2.0,1135.0,Uptown,40.7700633199428,-73.97472466447842,4008,Spacious 4bd with in-unit laundry and garage parking
2,2.0,764.0,Old Town,40.70016361393759,-73.93024408591792,3039,Spacious 2bd with in-unit laundry and garage parking
4,3.0,1152.0,Old Town,40.70800005918528,-73.92163426588654,3960,"Charming 4bd with fireplace, rooftop access, and pet-friendly policy"
2,2.0,803.0,Downtown,40.72699269832861,-74.01169240177288,2779,"Bright 2bd with balcony, dishwasher, and gym access"
1,1.0,604.0,Midtown,40.76425531116545,-73.98810518468873,2455,"Cozy 1bd, no pets, hardwood floors"
1,1.0,654.0,Riverside,40.80420290074018,-73.98026711307891,2175,"Family-friendly 1bd with backyard, washer/dryer, and storage"
3,2.0,972.0,Midtown,40.76546991147888,-74.0051942227627,3243,"Bright 3bd with balcony, dishwasher, and gym access"
2,2.0,849.0,Downtown,40.69084083805205,-74.00746313980001,3188,"Bright 2bd with balcony, dishwasher, and gym access"
1,1.0,641.0,Downtown,40.71026508064467,-74.00273237923338,2444,Spacious 1bd with in-unit laundry and garage parking
2,3.0,782.0,Midtown,40.75020591011717,-73.96287170001058,2997,"Bright 2bd with balcony, dishwasher, and gym access"
3,2.0,955.0,Riverside,40.80322725987255,-73.9637054186578,3429,Modern 3bd near transit with central AC and secure entry
2,3.0,744.0,Midtown,40.760366806528886,-73.97346508157263,2667,Modern 2bd near transit with central AC and secure entry
4,3.0,1182.0,Downtown,40.71971220897382,-74.0006957852035,4022,"Bright 4bd with balcony, dishwasher, and gym access"
4,3.0,1156.0,Uptown,40.79353180925839,-73.99309537564456,4055,Modern 4bd near transit with central AC and secure entry
3,2.0,895.0,Downtown,40.69135782819297,-74.00691270494362,3273,"Family-friendly 3bd with backyard, washer/dryer, and storage"
4,2.0,1149.0,Midtown,40.75562791340782,-73.97854228187143,4167,"Charming 4bd with fireplace, rooftop access, and pet-friendly policy"
2,3.0,774.0,Riverside,40.8015402028262,-73.95951762078654,2831,Modern 2bd near transit with central AC and secure entry
1,1.0,693.0,Old Town,40.71565285676527,-73.9353289348449,2427,"Cozy 1bd, no pets, hardwood floors"
1,2.0,,Downtown,40.69670731914451,-74.00135770478754,2337,Spacious 1bd with in-unit laundry and garage parking
4,3.0,1112.0,Midtown,40.735460579491644,-73.9813202788175,4130,Spacious 4bd with in-unit laundry and garage parking
4,3.0,1214.0,Downtown,40.695172007429235,-74.01060233351866,4319,Spacious 4bd with in-unit laundry and garage parking
3,2.0,1044.0,Downtown,40.72353913229739,-74.00327144013681,3613,Modern 3bd near transit with central AC and secure entry
1,2.0,600.0,Uptown,40.76495207731531,-73.97926872613633,2323,"Cozy 1bd, no pets, hardwood floors"
2,2.0,785.0,Uptown,40.76668345769428,-73.99153710199526,2930,"Cozy 2bd, no pets, hardwood floors"
1,2.0,655.0,Old Town,40.73201195811361,-73.92847641987727,1983,"Family-friendly 1bd with backyard, washer/dryer, and storage"
1,2.0,537.0,Riverside,40.806587271048585,-73.95926847822145,2328,"Cozy 1bd, no pets, hardwood floors"
1,2.0,556.0,Midtown,40.757857069789374,-73.988780682625,2292,"Family-friendly 1bd with backyard, washer/dryer, and storage"
3,3.0,979.0,Riverside,40.78842316807525,-73.971780956061,3612,Spacious 3bd with in-unit laundry and garage parking
1,1.0,692.0,Uptown,40.76884381937609,-73.98134198632552,2226,"Bright 1bd with balcony, dishwasher, and gym access"
4,3.0,1153.0,Midtown,40.75906712244526,-73.9869136730505,4079,Spacious 4bd with in-unit laundry and garage parking
2,2.0,814.0,Riverside,40.83807673645474,-73.98264954717006,2791,Modern 2bd near transit with central AC and secure entry
2,2.0,855.0,Downtown,40.71129881535002,-74.02308478533445,3171,Spacious 2bd with in-unit laundry and garage parking
3,3.0,1074.0,Uptown,40.78004656948836,-73.97536511818538,3425,"Cozy 3bd, no pets, hardwood floors"
4,2.0,1147.0,Old Town,40.7407385603148,-73.94059599847061,3923,"Family-friendly 4bd with backyard, washer/dryer, and storage"
2,2.0,809.0,Midtown,40.755704164799326,-73.99066381554967,3043,"Charming 2bd with fireplace, rooftop access, and pet-friendly policy"
1,1.0,703.0,Riverside,40.78448737907131,-73.97432522846151,2360,Modern 1bd near transit with central AC and secure entry
1,1.0,569.0,Midtown,40.753416759419,-73.98461408939913,2149,"Charming 1bd with fireplace, rooftop access, and pet-friendly policy"
4,2.0,1211.0,Riverside,40.8080073674467,-73.96931515811653,4327,"Family-friendly 4bd with backyard, washer/dryer, and storage"
1,2.0,589.0,Downtown,40.709773884832224,-74.02664975790185,2493,"Family-friendly 1bd with backyard, washer/dryer, and storage"
3,3.0,994.0,Downtown,40.71927681420708,-74.0143507746458,3705,"Charming 3bd with fireplace, rooftop access, and pet-friendly policy"
2,3.0,800.0,Midtown,40.76696547885876,-73.96970272062575,3078,Spacious 2bd with in-unit laundry and garage parking
4,3.0,1132.0,Riverside,40.79904501967968,-73.97877973536919,4049,"Cozy 4bd, no pets, hardwood floors"
1,1.0,591.0,Downtown,40.71259961664297,-74.00181557602377,2322,"Bright 1bd with balcony, dishwasher, and gym access"
4,3.0,1181.0,Riverside,40.79751375998504,-73.97326846091255,4053,Modern 4bd near transit with central AC and secure entry
3,2.0,1030.0,Midtown,40.764762386528375,-73.97952906070367,3635,"Charming 3bd with fireplace, rooftop access, and pet-friendly policy"
2,2.0,805.0,Midtown,40.75384452431608,-74.00534879398313,2877,Spacious 2bd with in-unit laundry and garage parking
1,2.0,633.0,Midtown,40.76347653822456,-73.9947079263213,2309,"Cozy 1bd, no pets, hardwood floors"
4,2.0,1193.0,Downtown,40.715372092904445,-74.00418611321984,4305,"Cozy 4bd, no pets, hardwood floors"
2,2.0,771.0,Riverside,40.778632630875485,-73.96552701978706,3075,"Family-friendly 2bd with backyard, washer/dryer, and storage"
2,2.0,840.0,Midtown,40.7641743903045,-73.97785417101628,3063,"Charming 2bd with fireplace, rooftop access, and pet-friendly policy"
2,2.0,843.0,Old Town,40.73200838901316,-73.95892623252739,3221,"Charming 2bd with fireplace, rooftop access, and pet-friendly policy"
1,1.0,734.0,Uptown,40.80002497274624,-73.96626772798949,2370,"Family-friendly 1bd with backyard, washer/dryer, and storage"
2,2.0,795.0,Uptown,40.77026016804756,-73.98065315648189,2632,"Family-friendly 2bd with backyard, washer/dryer, and storage"
1,2.0,612.0,Uptown,40.78747469051154,-73.96304258968041,2418,"Bright 1bd with balcony, dishwasher, and gym access"
1,2.0,661.0,Riverside,40.795444445723824,-73.95659369511145,2282,Modern 1bd near transit with central AC and secure entry
2,2.0,843.0,Old Town,40.7090867980508,-73.94770950813312,2911,"Cozy 2bd, no pets, hardwood floors"
1,1.0,609.0,Uptown,40.759927631881894,-73.98196886171444,2041,Modern 1bd near transit with central AC and secure entry
2,2.0,,Old Town,40.748696926214535,-73.91050637318497,2751,"Cozy 2bd, no pets, hardwood floors"
4,2.0,1192.0,Uptown,40.787515085618764,-73.97886115048722,3918,"Charming 4bd with fireplace, rooftop access, and pet-friendly policy"
1,2.0,,Midtown,40.75534032118979,-73.97981992131001,2261,"Bright 1bd with balcony, dishwasher, and gym access"
1,2.0,614.0,Uptown,40.76594422978033,-73.97806999011178,2254,"Bright 1bd with balcony, dishwasher, and gym access"
1,3.0,634.0,Midtown,40.775218716893406,-73.99804852083194,2389,"Bright 1bd with balcony, dishwasher, and gym access"
3,2.0,1030.0,Old Town,40.721611701208865,-73.93504167612822,3740,"Charming 3bd with fireplace, rooftop access, and pet-friendly policy"
2,2.0,786.0,Riverside,40.80469770711405,-73.97400004855439,3018,"Charming 2bd with fireplace, rooftop access, and pet-friendly policy"
2,2.0,736.0,Riverside,40.80222357259902,-73.95920472559513,2607,"Bright 2bd with balcony, dishwasher, and gym access"
1,2.0,553.0,Riverside,40.824837421885164,-73.96801493255322,2344,"Charming 1bd with fireplace, rooftop access, and pet-friendly policy"
2,2.0,760.0,Uptown,40.784204432215915,-73.95287057184824,2877,"Family-friendly 2bd with backyard, washer/dryer, and storage"
2,2.0,757.0,Old Town,40.72401000970043,-73.95109223639314,2822,"Charming 2bd with fireplace, rooftop access, and pet-friendly policy"
2,2.0,804.0,Downtown,40.71580298770791,-73.99308589969894,2987,"Charming 2bd with fireplace, rooftop access, and pet-friendly policy"
3,2.0,,Uptown,40.7890325656224,-73.97236418789056,3488,"Cozy 3bd, no pets, hardwood floors"
4,3.0,1142.0,Midtown,40.740619279522384,-73.98620043094323,4008,Modern 4bd near transit with central AC and secure entry
2,2.0,779.0,Downtown,40.7275978591158,-74.02080940497846,2929,"Cozy 2bd, no pets, hardwood floors"
4,3.0,,Riverside,40.798363033914356,-73.9711498167859,4289,"Cozy 4bd, no pets, hardwood floors"
3,2.0,1043.0,Riverside,40.792927545152345,-73.96352492394577,3508,"Bright 3bd with balcony, dishwasher, and gym access"
2,3.0,836.0,Uptown,40.79001966289507,-73.96600607714248,2810,Spacious 2bd with in-unit laundry and garage parking
1,1.0,631.0,Midtown,40.74627828283662,-74.005251804332,2362,"Cozy 1bd, no pets, hardwood floors"
2,2.0,792.0,Old Town,40.73374866123837,-73.94127102849778,2713,"Family-friendly 2bd with backyard, washer/dryer, and storage"
3,2.0,973.0,Midtown,40.78005974855624,-73.96288588364783,3275,Spacious 3bd with in-unit laundry and garage parking
1,2.0,643.0,Old Town,40.75448827753276,-73.94648133081242,2281,Modern 1bd near transit with central AC and secure entry
4,3.0,1193.0,Riverside,40.8081324290409,-73.95604856979298,4384,"Family-friendly 4bd with backyard, washer/dryer, and storage"
2,2.0,774.0,Midtown,40.767100250802535,-73.98975277533033,2909,"Cozy 2bd, no pets, hardwood floors"
4,3.0,1171.0,Midtown,40.77334997883559,-73.98549430016361,4178,"Bright 4bd with balcony, dishwasher, and gym access"
3,3.0,909.0,Midtown,40.75953727349923,-74.00395400142133,3127,"Charming 3bd with fireplace, rooftop access, and pet-friendly policy"
2,2.0,818.0,Downtown,40.720537179634874,-74.00912494056287,3076,"Charming 2bd with fireplace, rooftop access, and pet-friendly policy"
1,2.0,660.0,Midtown,40.76357734634521,-73.98267863560234,2426,"Charming 1bd with fireplace, rooftop access, and pet-friendly policy"
3,3.0,979.0,Downtown,40.714971238919965,-74.0065485628696,3477,Modern 3bd near transit with central AC and secure entry
2,2.0,883.0,Downtown,40.72223919681593,-74.00838671044262,3124,"Charming 2bd with fireplace, rooftop access, and pet-friendly policy"
1,1.0,595.0,Midtown,40.740537630966564,-73.97867253272351,2348,"Bright 1bd with balcony, dishwasher, and gym access"
4,3.0,1179.0,Downtown,40.70309193370106,-74.02189114211218,4037,Modern 4bd near transit with central AC and secure entry
2,2.0,809.0,Old Town,40.718333079990295,-73.9318000114477,2955,"Family-friendly 2bd with backyard, washer/dryer, and storage"
1,2.0,626.0,Downtown,40.71164177436286,-74.03159219635607,2580,"Charming 1bd with fireplace, rooftop access, and pet-friendly policy"
2,2.0,805.0,Riverside,40.796696128683365,-73.9524692253003,2909,"Bright 2bd with balcony, dishwasher, and gym access"
2,3.0,814.0,Midtown,40.7525844519488,-73.98748571864114,2839,"Charming 2bd with fireplace, rooftop access, and pet-friendly policy"
4,3.0,1204.0,Downtown,40.725315897247924,-73.99645412890155,4204,Modern 4bd near transit with central AC and secure entry
3,3.0,1045.0,Downtown,40.72506101305182,-74.03927064332065,3794,Spacious 3bd with in-unit laundry and garage parking
1,1.0,630.0,Old Town,40.751402276461306,-73.92756319477486,2130,Modern 1bd near transit with central AC and secure entry
1,2.0,663.0,Midtown,40.787537716968295,-73.9948879123693,2501,"Charming 1bd with fireplace, rooftop access, and pet-friendly policy"
3,2.0,962.0,Uptown,40.76353859273221,-73.97111337851929,3382,"Bright 3bd with balcony, dishwasher, and gym access"
1,1.0,661.0,Downtown,40.709495532042915,-73.99815603219662,2483,Modern 1bd near transit with central AC and secure entry
2,2.0,780.0,Riverside,40.81419914013503,-73.96754752973855,2824,"Charming 2bd with fireplace, rooftop access, and pet-friendly policy"
1,2.0,674.0,Downtown,40.70991150345025,-73.9997273621658,2379,"Charming 1bd with fireplace, rooftop access, and pet-friendly policy"
1,1.0,718.0,Midtown,40.754924056011696,-73.98957978521076,2718,"Bright 1bd with balcony, dishwasher, and gym access"
4,3.0,1165.0,Riverside,40.813745619264104,-73.95138266571715,3918,"Family-friendly 4bd with backyard, washer/dryer, and storage"
1,1.0,542.0,Midtown,40.77100759492636,-73.9875187565527,2325,Modern 1bd near transit with central AC and secure entry
1,2.0,608.0,Midtown,40.732322532146966,-73.98727847303671,2601,Modern 1bd near transit with central AC and secure entry
4,3.0,1219.0,Old Town,40.72150423984788,-73.93675670022812,4263,"Family-friendly 4bd with backyard, washer/dryer, and storage"
1,1.0,652.0,Midtown,40.74994690928739,-73.98574887826558,2201,"Cozy 1bd, no pets, hardwood floors"
4,3.0,1180.0,Downtown,40.700328692449226,-74.02136860924062,4006,"Cozy 4bd, no pets, hardwood floors"
1,1.0,670.0,Midtown,40.772672297790855,-73.99713589136041,2312,Spacious 1bd with in-unit laundry and garage parking
1,2.0,649.0,Downtown,40.71280397950308,-73.99454582184076,2455,"Charming 1bd with fireplace, rooftop access, and pet-friendly policy"
1,1.0,679.0,Riverside,40.812271649514756,-73.95696182154101,2456,"Cozy 1bd, no pets, hardwood floors"
3,3.0,1027.0,Old Town,40.734234398174024,-73.92651196029755,3359,"Family-friendly 3bd with backyard, washer/dryer, and storage"
3,3.0,,Uptown,40.801177057591275,-73.96609972887205,3473,"Family-friendly 3bd with backyard, washer/dryer, and storage"
2,2.0,824.0,Downtown,40.69075357183823,-74.0123423984738,2896,"Family-friendly 2bd with backyard, washer/dryer, and storage"
1,1.0,666.0,Old Town,40.73895644086067,-73.94272515120451,2336,"Charming 1bd with fireplace, rooftop access, and pet-friendly policy"
1,2.0,618.0,Old Town,40.7500412736735,-73.93595815793799,2596,"Charming 1bd with fireplace, rooftop access, and pet-friendly policy"
3,2.0,966.0,Downtown,40.713822985256314,-73.99250306961318,3419,Spacious 3bd with in-unit laundry and garage parking
1,,698.0,Riverside,40.79910580123229,-73.96438467557125,2302,"Charming 1bd with fireplace, rooftop access, and pet-friendly policy"
3,3.0,999.0,Uptown,40.79548948180799,-73.98886724739,3363,"Cozy 3bd, no pets, hardwood floors"
3,2.0,1022.0,Old Town,40.72717642205135,-73.92525016045545,3639,Modern 3bd near transit with central AC and secure entry
4,3.0,1175.0,Midtown,40.758787201780116,-73.96789199425507,4150,"Family-friendly 4bd with backyard, washer/dryer, and storage"
2,2.0,787.0,Downtown,40.693888919701756,-74.02628002121536,2832,Spacious 2bd with in-unit laundry and garage parking
1,2.0,630.0,Old Town,40.73983623819947,-73.9248103134208,2261,"Cozy 1bd, no pets, hardwood floors"
2,2.0,867.0,Old Town,40.72828099991802,-73.93039526719944,2866,"Charming 2bd with fireplace, rooftop access, and pet-friendly policy"
4,3.0,1192.0,Midtown,40.76694248373158,-73.99526635847022,4224,Spacious 4bd with in-unit laundry and garage parking
3,2.0,922.0,Downtown,40.70431781949941,-74.00372328584962,3902,"Cozy 3bd, no pets, hardwood floors"
3,2.0,981.0,Old Town,40.74144906751873,-73.9491914831163,3572,Spacious 3bd with in-unit laundry and garage parking
2,2.0,881.0,Downtown,40.71042462841678,-74.00893083958046,3081,"Cozy 2bd, no pets, hardwood floors"
1,1.0,621.0,Midtown,40.76301550926052,-73.98560438044011,2259,Modern 1bd near transit with central AC and secure entry
4,3.0,1098.0,Uptown,40.778149396994365,-73.95621721063091,3816,"Charming 4bd with fireplace, rooftop access, and pet-friendly policy"
4,3.0,1246.0,Downtown,40.70632891022055,-74.00950515635625,4397,Modern 4bd near transit with central AC and secure entry
4,2.0,1197.0,Downtown,40.69370202836897,-74.01456351052215,4323,"Cozy 4bd, no pets, hardwood floors"
4,3.0,1167.0,Downtown,40.71899291291607,-74.00215277652374,4111,"Charming 4bd with fireplace, rooftop access, and pet-friendly policy"
2,,,Riverside,40.808494203880784,-73.95988821256864,3111,"Bright 2bd with balcony, dishwasher, and gym access"
2,2.0,853.0,Midtown,40.783052568435544,-73.99447430592936,3025,"Cozy 2bd, no pets, hardwood floors"
1,2.0,608.0,Old Town,40.711166915078785,-73.94780663595286,2401,Modern 1bd near transit with central AC and secure entry
4,,1216.0,Riverside,40.792856177970016,-73.9781919232394,4242,Spacious 4bd with in-unit laundry and garage parking
3,3.0,1012.0,Old Town,40.73172393017174,-73.92016814113332,3503,"Bright 3bd with balcony, dishwasher, and gym access"
2,3.0,820.0,Uptown,40.80317590887564,-73.96514829797783,2798,"Family-friendly 2bd with backyard, washer/dryer, and storage"
4,2.0,1176.0,Uptown,40.81039526658545,-73.97547647667879,4101,Modern 4bd near transit with central AC and secure entry
3,2.0,983.0,Midtown,40.738409771495974,-73.97286186318534,3673,"Charming 3bd with fireplace, rooftop access, and pet-friendly policy"
4,,1212.0,Uptown,40.762636867299015,-73.9802600362724,4095,"Family-friendly 4bd with backyard, washer/dryer, and storage"
4,3.0,1135.0,Riverside,40.80754134678907,-73.96772857776058,4155,"Bright 4bd with balcony, dishwasher, and gym access"
1,2.0,565.0,Old Town,40.72830856684554,-73.94936948039384,2065,"Family-friendly 1bd with backyard, washer/dryer, and storage"
2,2.0,835.0,Midtown,40.7578703713268,-73.97345605013516,3114,"Charming 2bd with fireplace, rooftop access, and pet-friendly policy"
3,3.0,1015.0,Midtown,40.75823961499844,-73.9954627105557,3638,Modern 3bd near transit with central AC and secure entry
4,3.0,1189.0,Riverside,40.78632953847283,-73.97621513499546,3981,"Family-friendly 4bd with backyard, washer/dryer, and storage"
1,2.0,646.0,Downtown,40.717508005028975,-74.00187677285169,2394,Modern 1bd near transit with central AC and secure entry
2,1.0,797.0,Riverside,40.79169391479285,-73.99302911306378,3072,"Charming 2bd with fireplace, rooftop access, and pet-friendly policy"
3,2.0,1021.0,Midtown,40.76304015316407,-73.99627248878771,3410,"Cozy 3bd, no pets, hardwood floors"
4,3.0,1168.0,Old Town,40.738868749748185,-73.94427331570553,3930,"Bright 4bd with balcony, dishwasher, and gym access"
1,2.0,611.0,Old Town,40.718745194555964,-73.93336193711288,2278,"Cozy 1bd, no pets, hardwood floors"
3,1.0,978.0,Uptown,40.812992390760314,-73.9622116401066,3825,Spacious 3bd with in-unit laundry and garage parking
2,3.0,891.0,Downtown,40.71443463159047,-74.00169378156343,3007,Modern 2bd near transit with central AC and secure entry
1,2.0,561.0,Riverside,40.78028660966217,-73.97996808444903,2337,Spacious 1bd with in-unit laundry and garage parking
3,2.0,1010.0,Midtown,40.727868853619434,-73.96474151326508,3623,"Cozy 3bd, no pets, hardwood floors"
2,2.0,743.0,Midtown,40.77632863234987,-73.98078617768542,2784,"Family-friendly 2bd with backyard, washer/dryer, and storage"
3,2.0,986.0,Uptown,40.78632138123701,-73.98981908002996,3540,"Cozy 3bd, no pets, hardwood floors"
2,2.0,793.0,Midtown,40.755368400476996,-73.96399129745916,2873,"Charming 2bd with fireplace, rooftop access, and pet-friendly policy"
4,3.0,1087.0,Old Town,40.73217699197835,-73.94197575759453,3927,Spacious 4bd with in-unit laundry and garage parking
1,2.0,646.0,Downtown,40.69170315207996,-73.98943633126723,2177,"Bright 1bd with balcony, dishwasher, and gym access"
4,,,Midtown,40.75715899438767,-74.00658080624035,4125,Spacious 4bd with in-unit laundry and garage parking
1,2.0,546.0,Riverside,40.79020881181514,-73.9818304562083,2378,Spacious 1bd with in-unit laundry and garage parking
3,3.0,,Downtown,40.71121907769146,-74.00351193236465,3645,"Family-friendly 3bd with backyard, washer/dryer, and storage"
2,2.0,867.0,Midtown,40.75196139522866,-73.97617544084216,3205,Spacious 2bd with in-unit laundry and garage parking
2,1.0,870.0,Old Town,40.73154562688567,-73.92245225137673,3075,"Charming 2bd with fireplace, rooftop access, and pet-friendly policy"
1,2.0,644.0,Riverside,40.79701367106303,-73.92995609289586,2367,Modern 1bd near transit with central AC and secure entry
3,2.0,,Uptown,40.77792613531831,-73.98203995990107,3430,"Bright 3bd with balcony, dishwasher, and gym access"
1,2.0,683.0,Riverside,40.78898439339885,-73.96903128871865,2355,"Charming 1bd with fireplace, rooftop access, and pet-friendly policy"
3,2.0,1057.0,Midtown,40.73736556690962,-73.98196524587406,3427,"Bright 3bd with balcony, dishwasher, and gym access"
3,3.0,1035.0,Midtown,40.735136354765224,-73.98355994891132,3578,"Bright 3bd with balcony, dishwasher, and gym access"
4,3.0,1132.0,Riverside,40.78508497907084,-73.97107552088856,4107,"Bright 4bd with balcony, dishwasher, and gym access"
3,1.0,998.0,Riverside,40.80855448478959,-73.93885154779348,3811,Modern 3bd near transit with central AC and secure entry
2,2.0,828.0,Uptown,40.771763993750625,-73.9730038093931,3031,"Charming 2bd with fireplace, rooftop access, and pet-friendly policy"
3,3.0,,Uptown,40.7760148959027,-73.98163844387072,3294,Modern 3bd near transit with central AC and secure entry
4,3.0,1189.0,Midtown,40.749420320040365,-73.97561120229236,3959,"Cozy 4bd, no pets, hardwood floors"
2,2.0,901.0,Downtown,40.70694332962924,-73.97900824762075,3090,"Charming 2bd with fireplace, rooftop access, and pet-friendly policy"
1,2.0,656.0,Riverside,40.80629175107074,-73.97862012793408,2513,Modern 1bd near transit with central AC and secure entry
4,,1229.0,Old Town,40.72619953781426,-73.94482216388047,4140,"Family-friendly 4bd with backyard, washer/dryer, and storage"
1,2.0,637.0,Midtown,40.767600823835366,-74.00516535587879,2462,"Bright 1bd with balcony, dishwasher, and gym access"
3,3.0,987.0,Midtown,40.74190858343477,-73.992598553425,3525,"Cozy 3bd, no pets, hardwood floors"
1,,645.0,Midtown,40.76619536151766,-73.97070327670212,2499,"Charming 1bd with fireplace, rooftop access, and pet-friendly policy"
1,1.0,597.0,Downtown,40.729366506289274,-73.99964238176062,2122,"Family-friendly 1bd with backyard, washer/dryer, and storage"
4,2.0,1131.0,Old Town,40.7296053255637,-73.92566449025223,4282,"Cozy 4bd, no pets, hardwood floors"
1,1.0,681.0,Uptown,40.77096599259082,-73.99333588666418,2237,"Charming 1bd with fireplace, rooftop access, and pet-friendly policy"
3,3.0,1045.0,Midtown,40.76323965093224,-73.99756814100579,3750,Spacious 3bd with in-unit laundry and garage parking
3,2.0,950.0,Uptown,40.783916319214015,-73.96976447580953,3427,"Charming 3bd with fireplace, rooftop access, and pet-friendly policy"
1,2.0,669.0,Riverside,40.80427743471014,-73.9552465015377,2391,Modern 1bd near transit with central AC and secure entry
1,2.0,627.0,Downtown,40.722784902259505,-74.00365999919399,2365,Modern 1bd near transit with central AC and secure entry
4,4.0,1184.0,Midtown,40.75269581663437,-73.98420685493589,4206,Spacious 4bd with in-unit laundry and garage parking
3,2.0,1008.0,Uptown,40.777545474999904,-73.97355714706407,3615,"Cozy 3bd, no pets, hardwood floors"
1,2.0,670.0,Downtown,40.74421808108297,-74.0038137235894,2618,"Family-friendly 1bd with backyard, washer/dryer, and storage"
4,3.0,1173.0,Uptown,40.79010294020445,-73.97966576778836,4330,Modern 4bd near transit with central AC and secure entry
2,3.0,,Uptown,40.79694088099716,-73.96207673092803,3054,Spacious 2bd with in-unit laundry and garage parking
1,1.0,642.0,Downtown,40.72200823065586,-74.00342130503896,2679,Modern 1bd near transit with central AC and secure entry
4,3.0,1195.0,Downtown,40.7252102811492,-73.99073977764039,4232,"Family-friendly 4bd with backyard, washer/dryer, and storage"
1,2.0,597.0,Riverside,40.80469718703219,-73.967875348308,2473,"Cozy 1bd, no pets, hardwood floors"
3,3.0,1076.0,Midtown,40.768734851881376,-73.99634950367872,3737,"Family-friendly 3bd with backyard, washer/dryer, and storage"
4,3.0,,Uptown,40.77608447663262,-73.97183960411462,4057,"Charming 4bd with fireplace, rooftop access, and pet-friendly policy"
3,2.0,1019.0,Uptown,40.763803715178746,-73.96126885671724,3587,"Bright 3bd with balcony, dishwasher, and gym access"
3,3.0,926.0,Riverside,40.78974503335041,-73.97215789225801,3531,"Cozy 3bd, no pets, hardwood floors"
2,2.0,777.0,Old Town,40.728040644851845,-73.93472855814115,2858,"Charming 2bd with fireplace, rooftop access, and pet-friendly policy"
1,1.0,680.0,Riverside,40.79717616068292,-73.96730845256675,2485,"Charming 1bd with fireplace, rooftop access, and pet-friendly policy"
3,3.0,1001.0,Uptown,40.78398446841132,-73.97656437149152,3667,"Bright 3bd with balcony, dishwasher, and gym access"
4,4.0,1093.0,Midtown,40.74872166650834,-73.97252231290773,4043,"Bright 4bd with balcony, dishwasher, and gym access"
1,2.0,672.0,Midtown,40.7327471315728,-73.98796858190812,1985,"Charming 1bd with fireplace, rooftop access, and pet-friendly policy"
4,3.0,1148.0,Midtown,40.752373206337396,-73.98047450215928,4372,Spacious 4bd with in-unit laundry and garage parking
2,2.0,866.0,Midtown,40.740548486441774,-73.99149742409493,2995,"Cozy 2bd, no pets, hardwood floors"
3,2.0,986.0,Downtown,40.711571683192126,-73.99315911667556,3463,Modern 3bd near transit with central AC and secure entry
1,2.0,638.0,Midtown,40.761986219601546,-73.99970185853043,2213,Modern 1bd near transit with central AC and secure entry
3,2.0,1037.0,Midtown,40.75215027937536,-73.97486738376807,3570,Modern 3bd near transit with central AC and secure entry
1,2.0,594.0,Downtown,40.69839070160892,-74.00694373122047,2273,"Bright 1bd with balcony, dishwasher, and gym access"
2,,770.0,Midtown,40.757890554569684,-73.99012939671906,2799,"Charming 2bd with fireplace, rooftop access, and pet-friendly policy"
3,3.0,982.0,Old Town,40.76294902139359,-73.94015277751336,3388,Modern 3bd near transit with central AC and secure entry
1,1.0,663.0,Uptown,40.790097181912415,-73.98039561344262,2460,Modern 1bd near transit with central AC and secure entry
2,2.0,757.0,Old Town,40.736932975904,-73.92475054883778,3140,"Charming 2bd with fireplace, rooftop access, and pet-friendly policy"
3,3.0,923.0,Uptown,40.77764443155905,-73.97185642178262,3555,Spacious 3bd with in-unit laundry and garage parking
1,2.0,663.0,Riverside,40.79055664276131,-73.9802328457446,2569,"Family-friendly 1bd with backyard, washer/dryer, and storage"
2,2.0,786.0,Old Town,40.74304154519,-73.9418480113506,2818,"Charming 2bd with fireplace, rooftop access, and pet-friendly policy"
2,2.0,794.0,Downtown,40.683836652057906,-73.98481572612208,2993,Modern 2bd near transit with central AC and secure entry
3,2.0,916.0,Riverside,40.791674856123244,-73.96945647652497,3506,Modern 3bd near transit with central AC and secure entry
4,4.0,,Downtown,40.73249087806593,-74.00770090513025,4049,"Bright 4bd with balcony, dishwasher, and gym access"
4,2.0,1170.0,Uptown,40.782739960773576,-73.98593807653461,4050,"Cozy 4bd, no pets, hardwood floors"
1,1.0,667.0,Old Town,40.71098199560447,-73.93719663517516,2493,Modern 1bd near transit with central AC and secure entry
1,3.0,599.0,Midtown,40.7623537172889,-73.98183369510147,2492,"Charming 1bd with fireplace, rooftop access, and pet-friendly policy"
1,2.0,696.0,Uptown,40.77892486703437,-73.97095690640784,2435,"Bright 1bd with balcony, dishwasher, and gym access"
3,2.0,963.0,Midtown,40.73595348005607,-73.97997799575165,3340,Spacious 3bd with in-unit laundry and garage parking
1,1.0,603.0,Downtown,40.714736870137244,-73.9823160692698,2324,"Bright 1bd with balcony, dishwasher, and gym access"
1,2.0,691.0,Downtown,40.71288975575715,-74.01731203222576,2272,Spacious 1bd with in-unit laundry and garage parking
4,3.0,1178.0,Downtown,40.712191322390936,-74.0099335976002,4207,"Charming 4bd with fireplace, rooftop access, and pet-friendly policy"
4,4.0,1148.0,Downtown,40.71801649442525,-74.0056772952593,4193,Modern 4bd near transit with central AC and secure entry
4,3.0,1164.0,Uptown,40.76958063958737,-73.99082891945832,4066,"Cozy 4bd, no pets, hardwood floors"
2,2.0,864.0,Uptown,40.7878548984316,-73.95460262550716,3038,Modern 2bd near transit with central AC and secure entry
3,3.0,1049.0,Midtown,40.75895217460862,-73.97574043175295,3698,Modern 3bd near transit with central AC and secure entry
3,2.0,,Old Town,40.74275370985045,-73.93199849785046,3495,Modern 3bd near transit with central AC and secure entry
1,,628.0,Downtown,40.703026102145664,-74.00365630297945,2223,Modern 1bd near transit with central AC and secure entry
3,2.0,994.0,Midtown,40.772484874651205,-73.97914131340481,3523,"Charming 3bd with fireplace, rooftop access, and pet-friendly policy"
3,2.0,951.0,Old Town,40.739578944113944,-73.94075055490029,3509,"Charming 3bd with fireplace, rooftop access, and pet-friendly policy"
2,2.0,808.0,Riverside,40.79887175488305,-73.9679247277308,3183,"Cozy 2bd, no pets, hardwood floors"
4,2.0,1170.0,Midtown,40.757383943969565,-73.97148450020785,4109,"Cozy 4bd, no pets, hardwood floors"
3,3.0,1036.0,Downtown,40.684633915259944,-74.00563354034502,3736,"Charming 3bd with fireplace, rooftop access, and pet-friendly policy"
3,2.0,1038.0,Old Town,40.72964604349166,-73.95165801369733,3697,Modern 3bd near transit with central AC and secure entry
3,1.0,977.0,Riverside,40.80936120659905,-73.97519400230334,3495,Spacious 3bd with in-unit laundry and garage parking
4,3.0,1161.0,Midtown,40.75371560820776,-73.96331461710696,4310,Modern 4bd near transit with central AC and secure entry
3,2.0,1017.0,Midtown,40.77011968379447,-73.97860615673027,3773,Spacious 3bd with in-unit laundry and garage parking
2,2.0,787.0,Downtown,40.717369323215735,-74.00797616026935,3174,Spacious 2bd with in-unit laundry and garage parking
4,4.0,1194.0,Uptown,40.80869252718444,-73.96157398842271,4215,"Cozy 4bd, no pets, hardwood floors"
3,2.0,986.0,Riverside,40.792305401032415,-73.98330122733861,3892,"Cozy 3bd, no pets, hardwood floors"
4,3.0,1131.0,Old Town,40.737402056023875,-73.93587042955853,3949,Spacious 4bd with in-unit laundry and garage parking
1,1.0,592.0,Midtown,40.74085274199665,-73.98035696601146,2637,"Charming 1bd with fireplace, rooftop access, and pet-friendly policy"
2,2.0,868.0,Old Town,40.72737167407627,-73.92883202089367,3101,"Bright 2bd with balcony, dishwasher, and gym access"
4,3.0,1164.0,Riverside,40.80660088257497,-73.97379916825852,4328,Modern 4bd near transit with central AC and secure entry
3,2.0,,Uptown,40.792294137173094,-73.97717486099161,3562,"Charming 3bd with fireplace, rooftop access, and pet-friendly policy"
4,3.0,1149.0,Old Town,40.725405417521834,-73.94158725687946,4192,"Charming 4bd with fireplace, rooftop access, and pet-friendly policy"
1,2.0,642.0,Midtown,40.77157169313368,-73.98886686865666,2600,"Family-friendly 1bd with backyard, washer/dryer, and storage"
1,,726.0,Midtown,40.77446931816677,-73.96409818155776,2337,"Cozy 1bd, no pets, hardwood floors"
4,3.0,1128.0,Uptown,40.77583537035775,-74.00625194377636,4033,"Family-friendly 4bd with backyard, washer/dryer, and storage"
2,2.0,734.0,Uptown,40.797234114519256,-73.97530366276831,2505,"Charming 2bd with fireplace, rooftop access, and pet-friendly policy"
3,3.0,1041.0,Riverside,40.79090576304242,-73.97356461727384,3585,Spacious 3bd with in-unit laundry and garage parking
2,2.0,777.0,Uptown,40.779722234143605,-73.95563368291167,2761,"Charming 2bd with fireplace, rooftop access, and pet-friendly policy"
2,2.0,809.0,Midtown,40.75991893487181,-73.9700968164387,2930,"Charming 2bd with fireplace, rooftop access, and pet-friendly policy"
4,3.0,1147.0,Midtown,40.763930641431344,-73.98921076868741,4556,"Charming 4bd with fireplace, rooftop access, and pet-friendly policy"
1,1.0,641.0,Uptown,40.78001571356149,-73.964460694991,2608,"Bright 1bd with balcony, dishwasher, and gym access"
4,3.0,1132.0,Midtown,40.76784510755199,-73.97353848777159,3882,"Cozy 4bd, no pets, hardwood floors"
4,3.0,1163.0,Old Town,40.72746153786349,-73.93309752972314,4167,"Family-friendly 4bd with backyard, washer/dryer, and storage"
3,2.0,1008.0,Midtown,40.765008484911064,-73.99010758031125,3701,Modern 3bd near transit with central AC and secure entry
2,1.0,770.0,Midtown,40.74438071959437,-73.99517525280042,2858,"Family-friendly 2bd with backyard, washer/dryer, and storage"
1,1.0,602.0,Uptown,40.781807574689424,-73.96325351432935,2324,"Cozy 1bd, no pets, hardwood floors"
3,3.0,,Downtown,40.727907729946864,-74.02227256650481,3614,"Cozy 3bd, no pets, hardwood floors"
2,2.0,753.0,Old Town,40.72343185983284,-73.93949434996475,2628,"Charming 2bd with fireplace, rooftop access, and pet-friendly policy"
1,3.0,613.0,Uptown,40.79423660438768,-73.97753732642465,2158,Modern 1bd near transit with central AC and secure entry
2,2.0,815.0,Midtown,40.75284321198063,-74.0024439109258,2996,"Charming 2bd with fireplace, rooftop access, and pet-friendly policy"
4,,1154.0,Old Town,40.73640088779168,-73.93713678889516,4087,"Charming 4bd with fireplace, rooftop access, and pet-friendly policy"
2,2.0,799.0,Old Town,40.722751459580245,-73.93831415869379,2787,"Bright 2bd with balcony, dishwasher, and gym access"
1,2.0,629.0,Riverside,40.814823946023175,-73.97855864289984,2236,"Cozy 1bd, no pets, hardwood floors"
3,2.0,964.0,Midtown,40.74790008442676,-73.97047297063041,3508,"Charming 3bd with fireplace, rooftop access, and pet-friendly policy"
1,1.0,658.0,Midtown,40.75890929793623,-73.97746295083945,2541,"Family-friendly 1bd with backyard, washer/dryer, and storage"
4,3.0,1227.0,Old Town,40.73542102292007,-73.93562401462752,4160,Modern 4bd near transit with central AC and secure entry
4,3.0,1151.0,Uptown,40.78052041057022,-73.96122130373018,4333,"Charming 4bd with fireplace, rooftop access, and pet-friendly policy"
4,3.0,1189.0,Uptown,40.79864803881374,-73.9581897398358,4036,"Cozy 4bd, no pets, hardwood floors"
4,3.0,1160.0,Uptown,40.77047434039623,-73.95554106778586,4131,"Bright 4bd with balcony, dishwasher, and gym access"
1,2.0,645.0,Old Town,40.72630477694963,-73.94426035445053,2281,Spacious 1bd with in-unit laundry and garage parking
1,2.0,693.0,Downtown,40.71076806763878,-73.99602645877701,2578,"Bright 1bd with balcony, dishwasher, and gym access"
2,2.0,830.0,Uptown,40.791185570208334,-73.97426463694225,2839,"Bright 2bd with balcony, dishwasher, and gym access"
2,2.0,739.0,Downtown,40.72285199040254,-74.00432167303089,3192,"Bright 2bd with balcony, dishwasher, and gym access"
4,3.0,1188.0,Midtown,40.75112434241353,-73.9939964233955,3920,Spacious 4bd with in-unit laundry and garage parking
3,3.0,1039.0,Old Town,40.73552281813306,-73.93619021282979,3824,"Family-friendly 3bd with backyard, washer/dryer, and storage"
3,3.0,981.0,Uptown,40.76819393815904,-73.96103406208316,3523,"Bright 3bd with balcony, dishwasher, and gym access"
4,3.0,1210.0,Midtown,40.75223669965651,-73.96639456422413,4286,"Bright 4bd with balcony, dishwasher, and gym access"
3,2.0,,Riverside,40.78446412017814,-73.96866850315668,3705,"Charming 3bd with fireplace, rooftop access, and pet-friendly policy"
2,2.0,751.0,Old Town,40.72220026778673,-73.94690507024453,2956,"Bright 2bd with balcony, dishwasher, and gym access"
2,2.0,816.0,Uptown,40.7788585113989,-73.94995318869155,2827,"Charming 2bd with fireplace, rooftop access, and pet-friendly policy"
3,2.0,920.0,Riverside,40.80302044204095,-73.97600049646556,3538,"Cozy 3bd, no pets, hardwood floors"
1,1.0,620.0,Midtown,40.736056459075954,-74.00615635055617,2638,"Charming 1bd with fireplace, rooftop access, and pet-friendly policy"
3,2.0,1041.0,Old Town,40.724162442270575,-73.94280425580966,3437,"Charming 3bd with fireplace, rooftop access, and pet-friendly policy"
3,2.0,914.0,Downtown,40.71011139152519,-74.03326620560523,3806,"Family-friendly 3bd with backyard, washer/dryer, and storage"
3,3.0,939.0,Midtown,40.756899820859445,-73.97316724269824,3545,"Charming 3bd with fireplace, rooftop access, and pet-friendly policy"
3,3.0,949.0,Midtown,40.777474094968376,-74.00823335377501,3436,"Family-friendly 3bd with backyard, washer/dryer, and storage"
4,3.0,1167.0,Downtown,40.70318328688913,-74.0162508063317,4047,Modern 4bd near transit with central AC and secure entry
4,3.0,1155.0,Uptown,40.78644865713031,-73.9858372696145,4061,"Family-friendly 4bd with backyard, washer/dryer, and storage"
3,2.0,,Downtown,40.73298715898472,-74.00547773033978,3374,"Charming 3bd with fireplace, rooftop access, and pet-friendly policy"
2,2.0,848.0,Uptown,40.78322224452841,-73.9520874351946,2918,Modern 2bd near transit with central AC and secure entry
1,2.0,650.0,Downtown,40.712607428511,-74.00119635912202,2393,"Family-friendly 1bd with backyard, washer/dryer, and storage"
4,3.0,1176.0,Downtown,40.703790420720495,-74.02244602478065,4031,Spacious 4bd with in-unit laundry and garage parking
4,3.0,1186.0,Riverside,40.79397566042195,-73.94025628993266,4269,"Charming 4bd with fireplace, rooftop access, and pet-friendly policy"
3,3.0,956.0,Old Town,40.73819625137945,-73.93190558195467,3421,"Family-friendly 3bd with backyard, washer/dryer, and storage"
4,3.0,1204.0,Riverside,40.78958351931777,-73.9555649903882,4086,Spacious 4bd with in-unit laundry and garage parking
4,3.0,1126.0,Uptown,40.768407680708236,-73.99000467739619,4006,"Cozy 4bd, no pets, hardwood floors"
4,2.0,1203.0,Downtown,40.70609335452542,-73.98254610905646,4283,"Cozy 4bd, no pets, hardwood floors"
3,3.0,1037.0,Uptown,40.80747473078871,-73.976614843139,3597,"Cozy 3bd, no pets, hardwood floors"
1,2.0,638.0,Uptown,40.77660961178162,-73.99088434448672,2242,"Charming 1bd with fireplace, rooftop access, and pet-friendly policy"
1,2.0,623.0,Downtown,40.71373636870624,-74.00405584697614,2415,"Bright 1bd with balcony, dishwasher, and gym access"
1,2.0,646.0,Riverside,40.81077467505036,-73.9555715098401,2371,"Bright 1bd with balcony, dishwasher, and gym access"
2,2.0,696.0,Uptown,40.782330936988025,-73.96452766550289,2603,"Family-friendly 2bd with backyard, washer/dryer, and storage"
3,2.0,1002.0,Old Town,40.722192333585845,-73.92875548959967,3474,"Bright 3bd with balcony, dishwasher, and gym access"
2,2.0,805.0,Uptown,40.77861321506179,-73.96568649780839,3009,"Charming 2bd with fireplace, rooftop access, and pet-friendly policy"
1,2.0,628.0,Uptown,40.789242015903426,-73.97037435649166,2419,"Family-friendly 1bd with backyard, washer/dryer, and storage"
1,1.0,658.0,Midtown,40.76753447661792,-74.00434478885633,2374,"Cozy 1bd, no pets, hardwood floors"
4,3.0,1167.0,Riverside,40.78852100538135,-73.96974071608263,4233,Modern 4bd near transit with central AC and secure entry
4,3.0,1124.0,Midtown,40.740680839347924,-73.99038237417466,3941,"Bright 4bd with balcony, dishwasher, and gym access"
2,2.0,804.0,Downtown,40.70830443645907,-73.99028379456,2849,"Bright 2bd with balcony, dishwasher, and gym access"
4,4.0,1173.0,Downtown,40.7145104044275,-73.99364684508723,4150,"Charming 4bd with fireplace, rooftop access, and pet-friendly policy"
3,,995.0,Uptown,40.78832009662572,-73.97762800725478,3752,"Bright 3bd with balcony, dishwasher, and gym access"
4,3.0,1176.0,Riverside,40.80290460169296,-73.95774688399281,4169,Spacious 4bd with in-unit laundry and garage parking
4,3.0,1212.0,Riverside,40.815620815917306,-73.96808772075521,4150,"Bright 4bd with balcony, dishwasher, and gym access"
3,3.0,947.0,Old Town,40.71082987227377,-73.95581362708906,3673,Modern 3bd near transit with central AC and secure entry
2,1.0,817.0,Riverside,40.7973830486786,-73.99455481801377,2916,Spacious 2bd with in-unit laundry and garage parking
3,2.0,1042.0,Old Town,40.752141253588846,-73.9280368012232,3905,"Family-friendly 3bd with backyard, washer/dryer, and storage"
2,2.0,741.0,Midtown,40.750371995886034,-73.99881577112811,2793,"Cozy 2bd, no pets, hardwood floors"
2,2.0,817.0,Uptown,40.797037429151715,-73.98456364586781,2786,Spacious 2bd with in-unit laundry and garage parking
3,,967.0,Downtown,40.700581278836786,-74.01519135128032,3535,Modern 3bd near transit with central AC and secure entry
3,3.0,975.0,Midtown,40.7593690489749,-73.97805043073024,3499,Spacious 3bd with in-unit laundry and garage parking
3,2.0,954.0,Midtown,40.77231206680099,-73.97296034441264,3386,"Family-friendly 3bd with backyard, washer/dryer, and storage"
2,2.0,803.0,Downtown,40.71280928451082,-73.99375373631493,3380,Spacious 2bd with in-unit laundry and garage parking
2,2.0,,Riverside,40.79324800463228,-73.98835039217354,3097,"Bright 2bd with balcony, dishwasher, and gym access"
1,1.0,579.0,Riverside,40.79324642713947,-73.97617512617131,2358,Spacious 1bd with in-unit laundry and garage parking
3,2.0,943.0,Midtown,40.75041615513841,-73.9970124967509,3424,"Bright 3bd with balcony, dishwasher, and gym access"
3,2.0,938.0,Old Town,40.725066685069045,-73.92775979343087,3344,"Charming 3bd with fireplace, rooftop access, and pet-friendly policy"
4,4.0,1239.0,Midtown,40.77858308523195,-74.00620415769112,4397,Modern 4bd near transit with central AC and secure entry
3,1.0,972.0,Downtown,40.697347184477195,-74.01549735510474,3315,Modern 3bd near transit with central AC and secure entry
2,2.0,809.0,Midtown,40.76718890252924,-73.98795936931567,2791,Spacious 2bd with in-unit laundry and garage parking
1,1.0,614.0,Midtown,40.74931068932276,-73.97689920390754,2312,"Cozy 1bd, no pets, hardwood floors"
1,1.0,592.0,Midtown,40.7694766831961,-73.98572511951309,2522,"Bright 1bd with balcony, dishwasher, and gym access"
2,2.0,801.0,Downtown,40.703005369280554,-74.00275664519317,2930,Modern 2bd near transit with central AC and secure entry
2,2.0,908.0,Downtown,40.71000078149857,-74.00889215892542,3194,"Cozy 2bd, no pets, hardwood floors"
2,2.0,866.0,Downtown,40.70665119737678,-73.99490020103214,3078,"Charming 2bd with fireplace, rooftop access, and pet-friendly policy"
2,2.0,776.0,Riverside,40.80429856271592,-73.95407158941732,3098,Modern 2bd near transit with central AC and secure entry
4,3.0,1196.0,Downtown,40.72883591374574,-74.0004922307736,3982,"Cozy 4bd, no pets, hardwood floors"
1,1.0,597.0,Midtown,40.75192227462138,-73.97301608521336,2436,Spacious 1bd with in-unit laundry and garage parking
2,,739.0,Uptown,40.790287976427344,-73.9399595866783,2803,Modern 2bd near transit with central AC and secure entry
1,1.0,671.0,Midtown,40.76172123466194,-73.97712774353184,2564,"Bright 1bd with balcony, dishwasher, and gym access"
2,2.0,856.0,Uptown,40.788185086695556,-73.97238918310241,2868,"Family-friendly 2bd with backyard, washer/dryer, and storage"
3,3.0,1032.0,Downtown,40.709694501404954,-74.00246907386409,3652,Modern 3bd near transit with central AC and secure entry
1,1.0,611.0,Old Town,40.73685410902177,-73.92134734520427,2274,Modern 1bd near transit with central AC and secure entry
2,2.0,803.0,Uptown,40.78840620669965,-73.9767546701051,2769,"Charming 2bd with fireplace, rooftop access, and pet-friendly policy"
1,1.0,660.0,Old Town,40.726677752040814,-73.95107524331483,2163,Modern 1bd near transit with central AC and secure entry
4,3.0,1186.0,Uptown,40.80463456612287,-73.97769408336225,4049,"Family-friendly 4bd with backyard, washer/dryer, and storage"
3,3.0,974.0,Midtown,40.76960928552166,-73.98218138971069,3555,"Bright 3bd with balcony, dishwasher, and gym access"
1,2.0,565.0,Midtown,40.76164478197008,-73.98690937450327,2170,"Charming 1bd with fireplace, rooftop access, and pet-friendly policy"
1,1.0,635.0,Midtown,40.748546413336484,-73.99712242480591,2327,"Bright 1bd with balcony, dishwasher, and gym access"
1,2.0,673.0,Uptown,40.80544158466566,-73.96983246705395,2111,"Family-friendly 1bd with backyard, washer/dryer, and storage"
2,2.0,762.0,Downtown,40.72630321295426,-73.98938111674826,2878,"Charming 2bd with fireplace, rooftop access, and pet-friendly policy"
4,3.0,1196.0,Midtown,40.75306983683881,-73.98041793080887,4338,"Bright 4bd with balcony, dishwasher, and gym access"
3,3.0,1003.0,Old Town,40.7311401293059,-73.9490865656362,3624,Spacious 3bd with in-unit laundry and garage parking
4,3.0,1200.0,Downtown,40.71057424028915,-73.99894992091713,4212,"Cozy 4bd, no pets, hardwood floors"
2,2.0,845.0,Downtown,40.70681164893987,-74.00989811834447,3082,"Cozy 2bd, no pets, hardwood floors"
2,2.0,782.0,Old Town,40.72851959773538,-73.90986164802428,2746,Spacious 2bd with in-unit laundry and garage parking
2,3.0,745.0,Midtown,40.73599141275475,-73.97948028041168,3120,Modern 2bd near transit with central AC and secure entry
1,2.0,609.0,Old Town,40.727559931072975,-73.94288785890203,2596,"Cozy 1bd, no pets, hardwood floors"
4,,1206.0,Riverside,40.79796549151412,-73.95849148507399,4208,Spacious 4bd with in-unit laundry and garage parking
1,2.0,608.0,Riverside,40.80999428312825,-73.96426779453078,2716,Spacious 1bd with in-unit laundry and garage parking
2,2.0,782.0,Midtown,40.77111289579748,-73.9702740040588,2824,"Cozy 2bd, no pets, hardwood floors"
3,2.0,,Midtown,40.76779651130341,-73.99205430941377,3270,"Bright 3bd with balcony, dishwasher, and gym access"
1,2.0,700.0,Uptown,40.790633298590556,-73.96520959209033,2324,"Charming 1bd with fireplace, rooftop access, and pet-friendly policy"
2,1.0,843.0,Uptown,40.77491242279624,-73.99003326672864,2940,"Family-friendly 2bd with backyard, washer/dryer, and storage"
2,,841.0,Uptown,40.760426692543504,-73.97036173411865,3317,"Family-friendly 2bd with backyard, washer/dryer, and storage"
2,,849.0,Midtown,40.761576476578405,-73.99968137893183,2974,"Family-friendly 2bd with backyard, washer/dryer, and storage"
1,1.0,653.0,Downtown,40.72535238799062,-74.00417338220845,2308,"Family-friendly 1bd with backyard, washer/dryer, and storage"
1,1.0,620.0,Downtown,40.72899343137899,-74.0015535695602,2258,"Cozy 1bd, no pets, hardwood floors"
1,,623.0,Downtown,40.70000399713745,-74.00050062544052,2568,Spacious 1bd with in-unit laundry and garage parking
2,2.0,793.0,Downtown,40.720841328338466,-74.01257148303064,3125,Modern 2bd near transit with central AC and secure entry
1,2.0,735.0,Riverside,40.78399488403228,-73.96529644722831,2426,Spacious 1bd with in-unit laundry and garage parking
4,3.0,1192.0,Downtown,40.700789864376205,-73.99254934804327,3933,"Cozy 4bd, no pets, hardwood floors"
1,1.0,611.0,Uptown,40.77981387983488,-73.95050478672208,2141,"Family-friendly 1bd with backyard, washer/dryer, and storage"
3,2.0,1009.0,Riverside,40.77581009598977,-73.96488245275026,3826,Modern 3bd near transit with central AC and secure entry
3,,950.0,Midtown,40.775152711681216,-73.99618365179064,3605,"Family-friendly 3bd with backyard, washer/dryer, and storage"
2,2.0,870.0,Uptown,40.782789588772474,-73.97603642857237,3020,Modern 2bd near transit with central AC and secure entry
4,4.0,1144.0,Old Town,40.722394788294174,-73.93226452830662,4338,Modern 4bd near transit with central AC and secure entry
1,1.0,650.0,Midtown,40.742454940788015,-73.98683162537597,2691,"Cozy 1bd, no pets, hardwood floors"
1,2.0,,Uptown,40.79089193085222,-73.97378112453663,2388,"Cozy 1bd, no pets, hardwood floors"
2,2.0,825.0,Old Town,40.718597549600176,-73.92283777521678,2926,"Cozy 2bd, no pets, hardwood floors"
1,1.0,634.0,Old Town,40.7393630835394,-73.94769424605563,2232,"Family-friendly 1bd with backyard, washer/dryer, and storage"
2,1.0,810.0,Old Town,40.71507070921973,-73.94662309299191,2865,"Charming 2bd with fireplace, rooftop access, and pet-friendly policy"
2,2.0,808.0,Riverside,40.807843277985846,-73.96319312521244,2724,Spacious 2bd with in-unit laundry and garage parking
4,4.0,1147.0,Midtown,40.76748099254935,-73.98941380261661,3895,Modern 4bd near transit with central AC and secure entry
2,2.0,792.0,Old Town,40.719503189150004,-73.92417384213903,2625,"Bright 2bd with balcony, dishwasher, and gym access"
4,2.0,1229.0,Uptown,40.77805861783859,-73.96896142332974,4357,Modern 4bd near transit with central AC and secure entry
4,,1166.0,Old Town,40.712000901930615,-73.94203772509186,3853,"Cozy 4bd, no pets, hardwood floors"
4,3.0,1139.0,Old Town,40.7427127558513,-73.94379529480004,4344,Spacious 4bd with in-unit laundry and garage parking
1,1.0,609.0,Old Town,40.74037404585742,-73.96317223635425,2177,"Cozy 1bd, no pets, hardwood floors"
4,4.0,1214.0,Riverside,40.79458730008428,-73.96855625575053,4456,"Cozy 4bd, no pets, hardwood floors"
3,2.0,1017.0,Midtown,40.77891048364011,-73.99952875456017,3538,Spacious 3bd with in-unit laundry and garage parking
4,3.0,1192.0,Old Town,40.73865191954537,-73.92251681862501,3889,"Bright 4bd with balcony, dishwasher, and gym access"
2,,800.0,Midtown,40.749342124233074,-73.98998228738527,3142,"Family-friendly 2bd with backyard, washer/dryer, and storage"
4,3.0,1193.0,Uptown,40.78639954528575,-73.9889778196063,4356,"Charming 4bd with fireplace, rooftop access, and pet-friendly policy"
3,2.0,964.0,Old Town,40.725138761457664,-73.91988665550863,3330,Modern 3bd near transit with central AC and secure entry
1,2.0,620.0,Old Town,40.73687185773038,-73.9370810154738,2251,"Cozy 1bd, no pets, hardwood floors"
2,2.0,849.0,Midtown,40.75935686834204,-73.97852913561364,2880,"Bright 2bd with balcony, dishwasher, and gym access"
1,1.0,665.0,Uptown,40.79396892177492,-73.97787696976854,2365,"Cozy 1bd, no pets, hardwood floors"
4,3.0,1131.0,Midtown,40.77641665131936,-73.96970382158554,4113,"Cozy 4bd, no pets, hardwood floors"
2,2.0,776.0,Downtown,40.72092709156424,-74.01611551839015,2900,"Charming 2bd with fireplace, rooftop access, and pet-friendly policy"
1,1.0,634.0,Midtown,40.74575731311876,-73.98941924555916,2104,Modern 1bd near transit with central AC and secure entry
3,3.0,1059.0,Riverside,40.80202918117173,-73.98772190238671,3549,"Bright 3bd with balcony, dishwasher, and gym access"
2,2.0,733.0,Midtown,40.76393631760254,-73.97005045283382,2966,"Bright 2bd with balcony, dishwasher, and gym access"
1,1.0,641.0,Riverside,40.80821768967797,-73.97461263363364,2340,"Cozy 1bd, no pets, hardwood floors"
4,3.0,1115.0,Midtown,40.7484671592312,-73.98190177186991,4026,"Bright 4bd with balcony, dishwasher, and gym access"
4,3.0,1145.0,Old Town,40.72876035541594,-73.92988350590892,3920,Modern 4bd near transit with central AC and secure entry
3,2.0,975.0,Uptown,40.79192065647127,-73.95809731365325,3410,"Charming 3bd with fireplace, rooftop access, and pet-friendly policy"
3,2.0,973.0,Old Town,40.71701451885285,-73.9325405726258,3689,"Bright 3bd with balcony, dishwasher, and gym access"
2,2.0,789.0,Old Town,40.72623829995246,-73.93638362052722,2708,"Cozy 2bd, no pets, hardwood floors"
3,3.0,990.0,Old Town,40.74097290623203,-73.92352248952338,3609,"Charming 3bd with fireplace, rooftop access, and pet-friendly policy"
3,1.0,969.0,Riverside,40.8180813238046,-73.96139291699558,3521,"Cozy 3bd, no pets, hardwood floors"
1,,,Uptown,40.78337979851093,-73.97423454163341,2293,Spacious 1bd with in-unit laundry and garage parking
1,1.0,661.0,Downtown,40.69198293997127,-73.98992317946121,2338,Modern 1bd near transit with central AC and secure entry
2,2.0,,Midtown,40.754137219034575,-73.97942923527997,2951,"Family-friendly 2bd with backyard, washer/dryer, and storage"
2,1.0,844.0,Old Town,40.73874795830891,-73.9501437861086,2952,"Cozy 2bd, no pets, hardwood floors"
1,,568.0,Uptown,40.77361984329048,-73.95263576111533,2174,"Cozy 1bd, no pets, hardwood floors"
1,1.0,642.0,Uptown,40.788185226188205,-73.97816702797158,2401,"Cozy 1bd, no pets, hardwood floors"
4,4.0,1197.0,Uptown,40.78318383586647,-73.958165157142,4220,"Family-friendly 4bd with backyard, washer/dryer, and storage"
2,2.0,769.0,Midtown,40.769211773756815,-74.00309298114688,3234,"Charming 2bd with fireplace, rooftop access, and pet-friendly policy"
3,3.0,990.0,Old Town,40.750211406124066,-73.92360622362801,3543,"Charming 3bd with fireplace, rooftop access, and pet-friendly policy"
3,2.0,985.0,Old Town,40.728770297007905,-73.94950066931703,3207,"Cozy 3bd, no pets, hardwood floors"
3,2.0,1064.0,Old Town,40.743248103680735,-73.92948286999646,3774,"Charming 3bd with fireplace, rooftop access, and pet-friendly policy"
3,2.0,1067.0,Old Town,40.71310641946307,-73.9379849369043,3574,"Cozy 3bd, no pets, hardwood floors"
2,3.0,743.0,Riverside,40.83881407531351,-73.96630197891102,3161,"Charming 2bd with fireplace, rooftop access, and pet-friendly policy"
4,2.0,1270.0,Uptown,40.77579635286797,-73.98330195950368,4470,"Charming 4bd with fireplace, rooftop access, and pet-friendly policy"
2,1.0,773.0,Riverside,40.82256518780115,-73.95632688612507,2824,"Family-friendly 2bd with backyard, washer/dryer, and storage"
4,2.0,1209.0,Downtown,40.72968926936701,-74.0030217765909,4346,"Charming 4bd with fireplace, rooftop access, and pet-friendly policy"
2,2.0,849.0,Uptown,40.799748230823994,-73.98137984467458,2892,Spacious 2bd with in-unit laundry and garage parking
1,1.0,590.0,Old Town,40.732551091770986,-73.93175535782032,2261,Modern 1bd near transit with central AC and secure entry
4,2.0,1190.0,Uptown,40.801289363182505,-73.9673738835183,4243,Spacious 4bd with in-unit laundry and garage parking
1,1.0,626.0,Midtown,40.750493859099166,-73.98473111393295,2532,Modern 1bd near transit with central AC and secure entry
4,2.0,1192.0,Uptown,40.764583041570475,-73.99905162479924,4279,"Bright 4bd with balcony, dishwasher, and gym access"
1,1.0,639.0,Midtown,40.7679760964413,-73.98999692663568,2394,"Charming 1bd with fireplace, rooftop access, and pet-friendly policy"
1,2.0,678.0,Riverside,40.79816299241224,-73.95652863984759,2794,"Bright 1bd with balcony, dishwasher, and gym access"
3,3.0,993.0,Midtown,40.77476412462054,-73.97908614454207,3506,"Family-friendly 3bd with backyard, washer/dryer, and storage"
4,3.0,1163.0,Downtown,40.735936873962615,-73.99996773039132,3934,"Cozy 4bd, no pets, hardwood floors"
2,2.0,854.0,Uptown,40.78832656156296,-73.96831533412994,2775,Spacious 2bd with in-unit laundry and garage parking
1,1.0,653.0,Midtown,40.7425740532544,-73.97402801673232,2623,"Family-friendly 1bd with backyard, washer/dryer, and storage"
1,1.0,659.0,Downtown,40.68345440775982,-74.01303503428731,2434,"Cozy 1bd, no pets, hardwood floors"
4,3.0,1143.0,Uptown,40.78497516420681,-73.98067714788095,4102,"Family-friendly 4bd with backyard, washer/dryer, and storage"
3,3.0,948.0,Uptown,40.77927892892313,-73.94912749320527,3384,"Bright 3bd with balcony, dishwasher, and gym access"
1,2.0,607.0,Downtown,40.72604828662938,-74.01422993216968,2307,"Charming 1bd with fireplace, rooftop access, and pet-friendly policy"
2,2.0,785.0,Uptown,40.779065201868335,-73.98652404738262,2777,"Bright 2bd with balcony, dishwasher, and gym access"
2,2.0,841.0,Uptown,40.79315992543207,-73.97419690940492,3042,"Bright 2bd with balcony, dishwasher, and gym access"
1,2.0,669.0,Old Town,40.70700240234927,-73.93399059689827,2353,"Family-friendly 1bd with backyard, washer/dryer, and storage"
4,3.0,1164.0,Midtown,40.763267746603226,-73.9739423083219,4206,"Family-friendly 4bd with backyard, washer/dryer, and storage"
3,2.0,,Midtown,40.75711974246508,-73.98997205395344,3685,Spacious 3bd with in-unit laundry and garage parking
1,2.0,685.0,Riverside,40.82513517616587,-73.9664209661268,2367,"Family-friendly 1bd with backyard, washer/dryer, and storage"
3,2.0,1000.0,Uptown,40.79333474197917,-73.9776744757205,3316,"Bright 3bd with balcony, dishwasher, and gym access"
2,2.0,777.0,Downtown,40.72107891581963,-74.02346754790885,2722,"Charming 2bd with fireplace, rooftop access, and pet-friendly policy"
1,,693.0,Riverside,40.79575518945138,-73.98099929087311,2896,Modern 1bd near transit with central AC and secure entry
2,1.0,808.0,Downtown,40.705540320137565,-73.99099435951723,3217,"Family-friendly 2bd with backyard, washer/dryer, and storage"
1,1.0,635.0,Old Town,40.723252089328355,-73.92658092649431,2522,"Bright 1bd with balcony, dishwasher, and gym access"
1,1.0,616.0,Old Town,40.748807182184684,-73.93553092776324,2195,"Cozy 1bd, no pets, hardwood floors"
4,3.0,1134.0,Riverside,40.81322520526067,-73.96012696850234,4089,"Family-friendly 4bd with backyard, washer/dryer, and storage"
3,2.0,931.0,Riverside,40.802697243167,-73.95749621292819,3341,Spacious 3bd with in-unit laundry and garage parking
1,2.0,655.0,Midtown,40.780079257079905,-73.9931472269501,2208,Modern 1bd near transit with central AC and secure entry
4,3.0,,Old Town,40.71908958919789,-73.94741497454785,3963,"Charming 4bd with fireplace, rooftop access, and pet-friendly policy"
3,3.0,1112.0,Midtown,40.76993313563684,-73.97194758852247,3921,"Charming 3bd with fireplace, rooftop access, and pet-friendly policy"
4,3.0,1127.0,Uptown,40.77825555679999,-73.99683216259326,4182,"Family-friendly 4bd with backyard, washer/dryer, and storage"
3,,940.0,Uptown,40.776602919120926,-73.96462574986631,3308,"Bright 3bd with balcony, dishwasher, and gym access"
2,2.0,830.0,Downtown,40.711999322332204,-74.00383582703894,2979,"Family-friendly 2bd with backyard, washer/dryer, and storage"
3,2.0,1051.0,Downtown,40.70651986698069,-73.99383093050348,3786,Spacious 3bd with in-unit laundry and garage parking
3,3.0,993.0,Downtown,40.71691830162106,-73.99896243833163,3509,"Family-friendly 3bd with backyard, washer/dryer, and storage"
3,3.0,1013.0,Downtown,40.71470878819632,-73.99970758203666,3634,"Cozy 3bd, no pets, hardwood floors"
1,1.0,556.0,Midtown,40.76350286025817,-73.99663689553763,2331,"Family-friendly 1bd with backyard, washer/dryer, and storage"
2,2.0,783.0,Riverside,40.8057767571445,-73.95700190193664,2972,"Bright 2bd with balcony, dishwasher, and gym access"
1,1.0,587.0,Uptown,40.79856169759434,-73.96620671422059,2316,"Family-friendly 1bd with backyard, washer/dryer, and storage"
2,1.0,734.0,Old Town,40.71901699377523,-73.94493580795488,2707,Modern 2bd near transit with central AC and secure entry
1,1.0,635.0,Riverside,40.79607822302496,-73.96422643310235,2280,"Charming 1bd with fireplace, rooftop access, and pet-friendly policy"
1,1.0,540.0,Old Town,40.72913316678431,-73.94868478478756,2023,"Family-friendly 1bd with backyard, washer/dryer, and storage"
4,3.0,1117.0,Midtown,40.744443359588224,-74.01068226129888,3844,"Charming 4bd with fireplace, rooftop access, and pet-friendly policy"
1,2.0,609.0,Riverside,40.763866300913584,-73.96808138187545,2310,Spacious 1bd with in-unit laundry and garage parking
4,3.0,1137.0,Old Town,40.758442764501716,-73.9136386457145,4171,"Bright 4bd with balcony, dishwasher, and gym access"
1,1.0,646.0,Old Town,40.718861223054525,-73.9334011604313,2129,"Bright 1bd with balcony, dishwasher, and gym access"
4,3.0,1182.0,Riverside,40.78372504587939,-73.98224531437029,4193,Spacious 4bd with in-unit laundry and garage parking
2,2.0,846.0,Uptown,40.770330328828436,-73.9739059842133,3094,Spacious 2bd with in-unit laundry and garage parking
3,2.0,1020.0,Uptown,40.78251048467746,-73.96816757635031,3287,Spacious 3bd with in-unit laundry and garage parking
2,2.0,856.0,Riverside,40.80925859667645,-73.97054257108074,2971,"Family-friendly 2bd with backyard, washer/dryer, and storage"
2,2.0,810.0,Midtown,40.758434423647955,-73.99862575008028,3210,"Bright 2bd with balcony, dishwasher, and gym access"
2,2.0,822.0,Old Town,40.71446603570892,-73.95318766815258,3007,"Family-friendly 2bd with backyard, washer/dryer, and storage"
3,3.0,1010.0,Downtown,40.72059097361354,-74.01005489417706,3339,"Charming 3bd with fireplace, rooftop access, and pet-friendly policy"
2,3.0,816.0,Downtown,40.69034655684611,-74.0067570674322,3105,Spacious 2bd with in-unit laundry and garage parking
3,2.0,974.0,Uptown,40.769714144018565,-73.95127545417232,3388,"Charming 3bd with fireplace, rooftop access, and pet-friendly policy"
4,,1157.0,Downtown,40.70585413934096,-73.99782192817017,4270,"Cozy 4bd, no pets, hardwood floors"
2,2.0,,Riverside,40.81436755632862,-73.97795914143069,2802,"Bright 2bd with balcony, dishwasher, and gym access"
2,1.0,827.0,Downtown,40.71371256541066,-73.99935838518334,3013,"Charming 2bd with fireplace, rooftop access, and pet-friendly policy"
1,1.0,626.0,Old Town,40.731986554068925,-73.93086679088827,2229,"Cozy 1bd, no pets, hardwood floors"
2,2.0,783.0,Midtown,40.742044447277294,-73.97885156536343,2928,"Charming 2bd with fireplace, rooftop access, and pet-friendly policy"
1,1.0,604.0,Riverside,40.795466029669925,-73.96230658532059,2236,Modern 1bd near transit with central AC and secure entry
1,1.0,582.0,Midtown,40.76903986614662,-73.97747429790978,2272,Spacious 1bd with in-unit laundry and garage parking
4,3.0,1209.0,Downtown,40.716984636705874,-73.99829446044579,4061,"Family-friendly 4bd with backyard, washer/dryer, and storage"
1,2.0,633.0,Downtown,40.721060932646665,-73.98805398606339,2483,Spacious 1bd with in-unit laundry and garage parking
2,2.0,,Uptown,40.784291391606445,-73.96923251607869,2908,Modern 2bd near transit with central AC and secure entry
4,3.0,1202.0,Riverside,40.81248480170771,-73.97238465131716,3937,"Bright 4bd with balcony, dishwasher, and gym access"
4,2.0,1148.0,Riverside,40.78527679032786,-73.960581237905,4254,Spacious 4bd with in-unit laundry and garage parking
1,2.0,574.0,Midtown,40.75552771578461,-73.99999032894081,2268,Modern 1bd near transit with central AC and secure entry
1,2.0,671.0,Uptown,40.790706503152556,-73.95402640381964,2415,"Bright 1bd with balcony, dishwasher, and gym access"
2,2.0,789.0,Downtown,40.69324308944453,-73.9937321000574,3084,Spacious 2bd with in-unit laundry and garage parking
3,3.0,974.0,Uptown,40.754255189811055,-73.97600343956218,3549,Modern 3bd near transit with central AC and secure entry
4,4.0,1172.0,Uptown,40.80678619094691,-73.97513988858215,4292,Spacious 4bd with in-unit laundry and garage parking
1,2.0,676.0,Midtown,40.75907926074986,-73.97634560559072,2388,Modern 1bd near transit with central AC and secure entry
1,1.0,631.0,Uptown,40.764102317831274,-73.97033486238992,2492,"Cozy 1bd, no pets, hardwood floors"
2,2.0,762.0,Riverside,40.802070556863534,-73.94415214832101,2903,"Family-friendly 2bd with backyard, washer/dryer, and storage"
4,3.0,1192.0,Downtown,40.69797111002803,-74.0105784717974,4290,"Charming 4bd with fireplace, rooftop access, and pet-friendly policy"
1,1.0,611.0,Midtown,40.74685973051012,-73.9979129416443,2405,"Charming 1bd with fireplace, rooftop access, and pet-friendly policy"
2,2.0,886.0,Downtown,40.726328832724775,-74.00568018197599,3287,"Charming 2bd with fireplace, rooftop access, and pet-friendly policy"
1,2.0,630.0,Downtown,40.706133193642884,-74.0122141508137,2514,Spacious 1bd with in-unit laundry and garage parking
1,1.0,541.0,Downtown,40.70604127507666,-74.0116856381289,2218,Modern 1bd near transit with central AC and secure entry
4,4.0,1184.0,Uptown,40.76952665586853,-73.97430475451078,4038,"Cozy 4bd, no pets, hardwood floors"
1,2.0,708.0,Downtown,40.70848951970017,-74.01509356047684,2503,Spacious 1bd with in-unit laundry and garage parking
2,1.0,873.0,Old Town,40.73246055507566,-73.93232132623858,2879,"Bright 2bd with balcony, dishwasher, and gym access"
4,3.0,1243.0,Riverside,40.794620233428496,-73.96822960980919,4077,"Bright 4bd with balcony, dishwasher, and gym access"
3,3.0,949.0,Riverside,40.82720348472281,-73.94105480089677,3168,"Cozy 3bd, no pets, hardwood floors"
1,2.0,666.0,Old Town,40.71795091771845,-73.94617337079906,2131,Spacious 1bd with in-unit laundry and garage parking
2,2.0,781.0,Downtown,40.7000871606761,-73.99331535272033,3257,"Bright 2bd with balcony, dishwasher, and gym access"
4,3.0,1179.0,Downtown,40.7080176484051,-74.00312390907685,4098,Spacious 4bd with in-unit laundry and garage parking
2,2.0,759.0,Midtown,40.78196360799937,-73.98562557753172,3180,Spacious 2bd with in-unit laundry and garage parking
3,2.0,964.0,Riverside,40.80977498466108,-73.9602549510084,3568,"Bright 3bd with balcony, dishwasher, and gym access"
3,2.0,963.0,Riverside,40.79424139177964,-73.95379005921909,3499,Spacious 3bd with in-unit laundry and garage parking
3,3.0,,Midtown,40.7478035902908,-73.96942144256268,3380,"Charming 3bd with fireplace, rooftop access, and pet-friendly policy"
1,2.0,662.0,Midtown,40.750950588417496,-73.99123561264643,2414,"Charming 1bd with fireplace, rooftop access, and pet-friendly policy"
4,,1181.0,Uptown,40.77163814611648,-73.9822911129298,4413,"Charming 4bd with fireplace, rooftop access, and pet-friendly policy"
4,4.0,1116.0,Midtown,40.75287882813206,-74.01467618269493,4310,Spacious 4bd with in-unit laundry and garage parking
1,2.0,618.0,Riverside,40.798500011905894,-73.9725956908469,2381,"Bright 1bd with balcony, dishwasher, and gym access"
4,3.0,1140.0,Midtown,40.76748013318335,-73.98042423113972,3937,"Family-friendly 4bd with backyard, washer/dryer, and storage"
4,3.0,1205.0,Midtown,40.74950835082681,-73.99100260911311,4053,Modern 4bd near transit with central AC and secure entry
3,3.0,1037.0,Midtown,40.755184583537755,-73.9676685213463,3492,"Cozy 3bd, no pets, hardwood floors"
2,2.0,852.0,Downtown,40.702932343834526,-74.01463712797941,3247,"Family-friendly 2bd with backyard, washer/dryer, and storage"
2,2.0,,Midtown,40.744456990180595,-74.00328447375324,3167,"Cozy 2bd, no pets, hardwood floors"
4,3.0,1060.0,Riverside,40.8049840434835,-73.96406516002712,4017,"Charming 4bd with fireplace, rooftop access, and pet-friendly policy"
1,2.0,559.0,Downtown,40.728193142234026,-73.99350309190727,2265,Spacious 1bd with in-unit laundry and garage parking
4,2.0,1227.0,Uptown,40.81346540057438,-73.9720864732105,4424,"Family-friendly 4bd with backyard, washer/dryer, and storage"
4,3.0,1154.0,Midtown,40.75487364523445,-74.0011027161416,3981,Spacious 4bd with in-unit laundry and garage parking
3,2.0,960.0,Downtown,40.721158938009715,-74.00457758910264,3559,"Charming 3bd with fireplace, rooftop access, and pet-friendly policy"
2,2.0,876.0,Downtown,40.72061519566013,-74.01966949063086,3157,"Bright 2bd with balcony, dishwasher, and gym access"
3,2.0,1041.0,Midtown,40.76221925026832,-73.98303760458455,3495,Spacious 3bd with in-unit laundry and garage parking
1,1.0,631.0,Downtown,40.714468420478724,-74.01419919089828,2311,"Charming 1bd with fireplace, rooftop access, and pet-friendly policy"
4,3.0,1158.0,Midtown,40.772271895782644,-73.96089630905226,4027,"Charming 4bd with fireplace, rooftop access, and pet-friendly policy"
2,2.0,805.0,Old Town,40.71727587168443,-73.92655467224488,3113,"Charming 2bd with fireplace, rooftop access, and pet-friendly policy"
1,2.0,639.0,Old Town,40.696065798183916,-73.92717668060621,2614,"Bright 1bd with balcony, dishwasher, and gym access"
4,4.0,1234.0,Riverside,40.7788581446015,-73.97279960817478,4239,Spacious 4bd with in-unit laundry and garage parking
3,3.0,1007.0,Midtown,40.74224370405895,-73.98808733793939,3539,"Cozy 3bd, no pets, hardwood floors"
3,2.0,1019.0,Old Town,40.74066552438042,-73.95748775916472,3450,Spacious 3bd with in-unit laundry and garage parking
1,2.0,677.0,Old Town,40.726286243725816,-73.94136042522578,2378,Spacious 1bd with in-unit laundry and garage parking
4,4.0,1123.0,Downtown,40.73177258420646,-74.00081886790579,4039,Spacious 4bd with in-unit laundry and garage parking
3,2.0,1020.0,Midtown,40.74387339464072,-73.99115553254836,3583,Modern 3bd near transit with central AC and secure entry
4,3.0,1158.0,Uptown,40.80337325086063,-73.9626276161987,4161,"Family-friendly 4bd with backyard, washer/dryer, and storage"
4,2.0,1069.0,Old Town,40.71958119845114,-73.93840484646059,3897,Modern 4bd near transit with central AC and secure entry
1,2.0,545.0,Uptown,40.7818786902191,-73.97765578312587,2192,"Cozy 1bd, no pets, hardwood floors"
1,2.0,589.0,Midtown,40.73747745412414,-73.99363146058468,2288,Modern 1bd near transit with central AC and secure entry
4,3.0,1191.0,Riverside,40.81797039167038,-73.97107373384473,4117,"Cozy 4bd, no pets, hardwood floors"
3,2.0,995.0,Downtown,40.71156095643447,-74.00431369223776,3531,"Bright 3bd with balcony, dishwasher, and gym access"
2,2.0,817.0,Riverside,40.82791769673654,-73.96639350274299,3074,"Charming 2bd with fireplace, rooftop access, and pet-friendly policy"
2,2.0,888.0,Old Town,40.743727344243005,-73.94237816206461,2747,Spacious 2bd with in-unit laundry and garage parking
3,2.0,939.0,Riverside,40.79818720887397,-73.96634936732268,3710,"Charming 3bd with fireplace, rooftop access, and pet-friendly policy"
4,3.0,1169.0,Old Town,40.72131040469781,-73.93764461336723,4112,"Cozy 4bd, no pets, hardwood floors"
1,2.0,642.0,Downtown,40.72345661122976,-74.0156043747331,2513,"Family-friendly 1bd with backyard, washer/dryer, and storage"
3,2.0,961.0,Uptown,40.78470106837156,-73.96269519738013,3591,"Cozy 3bd, no pets, hardwood floors"
4,3.0,1171.0,Old Town,40.72070640741425,-73.92205503448862,3989,Spacious 4bd with in-unit laundry and garage parking
2,2.0,746.0,Old Town,40.73147460175654,-73.93718147076007,2684,"Bright 2bd with balcony, dishwasher, and gym access"
2,2.0,,Midtown,40.7339022263304,-73.98998334930417,2885,"Bright 2bd with balcony, dishwasher, and gym access"
